English Name,Tamil Name
50 gm Chappathy,50 gm - சப்பாத்தி
Adai Aviyal Aravai,அடை அவியல் அரைவை
Adai Aviyal Thalippu,அடை அவியல் தாளிப்பு
Appalam,அப்பளம்
Aviyal,அவியல்
Aviyal - Aviyal Aravai,Aviyal - அவியல் அரைவை
Aviyal- Poosani,Aviyal - பூசணி
BMD - Idly Manchurian,BMD - இட்லி மஞ்சூரியன்
BMD - Khowsuey,BMD - கௌசுவே
BMD - Khowsuey Gravy,BMD - கௌசுவே கிரேவி
BMD - Masala Idiyappam,BMD - மசாலா இடியாப்பம்
BMD - Palak Idiyappam,BMD - பாலக் இடியாப்பம்
BMD - Palak Idiyappam Aravai,BMD - பாலக் இடியாப்பம் அரைவை
BMD - Rice Noodle in Idly Podi,BMD - சாதம் நூடுல்ஸ் இல் இட்லி பொடி
BMD - Spl. Kothu Chappathi,BMD - Spl. கொத்து சப்பாத்தி
BMD - Veg Rice Noodle,BMD - காய்கறி சாதம் நூடுல்ஸ்
BMD- Keppai Idiyappam,BMD - கேப்பை இடியாப்பம்
BMD- Lemon Idiyappam,BMD - எலுமிச்சை இடியாப்பம்
BMD- Milagu Idiyappam,BMD - மிளகு இடியாப்பம்
"BMD- Milagu,Seeraga Idiyappam","BMD - மிளகு,சீரக இடியாப்பம்"
BMD- Schezvan Noodles,BMD - செஸ்வான் நூடுல்ஸ்
BMD- Spl Kothu Parota,BMD - ஸ்பெஷல் கொத்து பரோட்டா
BMD- Thalitta Idiyappam,BMD - தாளித்த இடியாப்பம்
BMD-Karuveppilai Podi Idiyappam,BMD - கருவேப்பிலை பொடி இடியாப்பம்
BMD-Kothu Parota,BMD - கொத்து பரோட்டா
BMD-M.Samba Upma,BMD - M.Samba உப்புமா
BMD-Malli Idiyappam,BMD - மல்லி இடியாப்பம்
BMD-Malli Idiyappam Thalippu,BMD - மல்லி இடியாப்பம் தாளிப்பு
BMD-Malli Mini Idly,BMD - மல்லி மினி இட்லி
BMD-Malli idiyappam Aravai,BMD - மல்லி இடியாப்பம் அரைவை
BMD-PANEER KOTHU PAROTTA,BMD - பன்னீர் கொத்து பரோட்டா
BR-Ponni Pacharisi Sadham,BR - பொன்னி பச்சரிசி சாதம்
BS - Online Pasiparuppu Puttu,BS - ஆன்லைன் பாசிப்பருப்பு புட்டு
BS - Pasiparuppu Puttu,BS - பாசிப்பருப்பு புட்டு
BS - Rangoon Puttu,BS - ரங்கூன் புட்டு
BS- Tirattupal,BS - திரட்டுப்பால்
BS-SW- Sweet Idiyappam Vellam,BS-SW - இனிப்பு இடியாப்பம் வெல்லம்
BSW- Madhuvarkkam,BSW - மதுவர்க்கம்
Baby Corn Fry(Nos),பேபி கார்ன் வறுவல்((எண்ணிக்கை))
Beeda,பீடா
Bisleri 300 ml (24 Bottle),பிஸ்லெரி 300 மி.லி (24 பாட்டில்)
Boiled Toor Dal,வேகவைத்த துவரம் பருப்பு
Bread Fry,பிரெட் வறுவல்
Brinjal Kosthu,கத்தரிக்காய் கொஸ்து
Brinjal Kosthu Podi,கத்தரிக்காய் கொஸ்து பொடி
Butter,வெண்ணெய்
CB-Cold Badham Milk,CB - குளிர்ந்த பாதாம் பால்
CCN Powder,சிசிஎன் பொடி
CCN Powder,சிசிஎன் பொடி
COMBO - Chappathy,COMBO - சப்பாத்தி
Chaat - Channa,Chaat - சென்னா
Chaat - Channa Topping,Chaat - சென்னா டாப்பிங்
Chaat Chutney - Green,Chaat Chutney - பச்சை
Chaat Chutney - Green,Chaat Chutney - பச்சை
Chaat Chutney - Sweet Chutney,Chaat Chutney - இனிப்பு சட்னி
Chapathy- Live,Chapathy - லைவ்
Chappathy,சப்பாத்தி
Chappathy - Protein,Chappathy - புரோட்டீன்
Chappathy - Protein Masala,Chappathy - புரோட்டீன் மசாலா
Chat Chutney - Sweet,Chat Chutney - இனிப்பு
Chettinad Spl. Kozhukattai,செட்டிநாடு Spl. கொழுக்கட்டை
Chinese Veg Gravy,சைனீஸ் காய்கறி கிரேவி
Chips - Potato,Chips - உருளைக்கிழங்கு
Chips - Potato (S),Chips - உருளைக்கிழங்கு (S)
Chips - Tapaico,Chips - மரவள்ளி
Chips-Topiaco Chips,Chips - மரவள்ளி சிப்ஸ்
Chips-Vazhakkai Chips,Chips - வாழைக்காய் சிப்ஸ்
Chutney - Chow Chow,Chutney - சௌசௌ சௌசௌ
Chutney - Coconut Chutney,Chutney - தேங்காய் சட்னி
Chutney - Coconut Chutney Late,Chutney - தேங்காய் சட்னி லேட்
Chutney - Cucumber Chutney,Chutney - வெள்ளரிக்காய் சட்னி
Chutney - Kasi Milagaai,Chutney - காசி மிளகாய்
Chutney - Malli (WO Coconut),Chutney - மல்லி (இல்லாமல் தேங்காய்)
Chutney - Malli (WO Onion),Chutney - மல்லி (இல்லாமல் வெங்காயம்)
"Chutney - No Onion, Tomato Chutney","Chutney - வெங்காயம் இல்லாத வெங்காயம், தக்காளி சட்னி"
Chutney - No Tomato Thuvayal,Chutney - வெங்காயம் இல்லாத தக்காளி துவையல்
Chutney - Onion Kara Chutney,Chutney - வெங்காயம் கார சட்னி
Chutney - Poondu Chutney,Chutney - பூண்டு சட்னி
Chutney - Porichu Vaitha Chutney,Chutney - பொரித்த வைத்த சட்னி
Chutney - Pudhina (WO Coconut),Chutney - புதினா (இல்லாமல் தேங்காய்)
Chutney - Staff Chutney,Chutney - பணியாளர் சட்னி
Chutney - Tanger,Chutney - டாங்கர்
Chutney- Andhra Milagai chutney,Chutney - ஆந்திரா மிளகாய் சட்னி
Chutney- Kadhamba Chutney,Chutney - கதம்ப சட்னி
Chutney- Malli,Chutney - மல்லி
Chutney- Mint,Chutney - புதினா
Chutney- Silica Milagai Chutney,Chutney - சிலிக்கா மிளகாய் சட்னி
Chutney- Tomato Chutney,Chutney - தக்காளி சட்னி
Chutney-Company Kadhamba Chutney,Chutney - கம்பெனி கதம்ப சட்னி
Chutney-Online Coconut Chutney,Chutney - ஆன்லைன் தேங்காய் சட்னி
Chutney-Peanut Chutney,Chutney - வேர்க்கடலை சட்னி
"Chutney-Red chilli, Coconut Chutney","Chutney - சிவப்பு மிளகாய், தேங்காய் சட்னி"
Cooker Pasiparupu Pachadi,குக்கர் பாசிப்பருப்பு பச்சடி
Cucumber Raita,வெள்ளரிக்காய் ராய்த்தா
Cup,கப்
Cutlet - Lobia Cutlet,Cutlet - காராமணி கட்லெட்
Cutlet - Seppangizhangu Cutlet,Cutlet - சேப்பங்கிழங்கு கட்லெட்
Cutlet- Veg cutlet Coating,Cutlet - காய்கறி கட்லெட் கோட்டிங்
Cutlet-Navadhanya Cutlet,Cutlet - நவதானிய கட்லெட்
Cutlet-Noodles Cutlet,Cutlet - நூடுல்ஸ் கட்லெட்
Cutlet-Paneer,Cutlet - பன்னீர்
Cutlet-Sprouts cutlet,Cutlet - முளைகட்டிய பயறு கட்லெட்
Cutlet-Sweet Corn cutlet,Cutlet - இனிப்பு கார்ன் கட்லெட்
Cutlet-Veg Cutlet,Cutlet - காய்கறி கட்லெட்
D.F -Chilli Parota,D.F - மிளகாய் பரோட்டா
DF - Beetroot Kola Urundai,DF - பீட்ரூட் கோலா உருண்டை
DF - Corn Pakora,DF - கார்ன் பக்கோடா
DF - Kadalai Maavu Veg Bonda,DF - கடலை மாவு காய்கறி போண்டா
DF - Kuruvai Arisi Paniyaram,DF - குருவை அரிசி பணியாரம்
DF - Kuzhi Paniyaram SW Coconut,DF - குழி பணியாரம் தேங்காய்
DF - Marakarikaai Dosai,DF - மரக்கறிக்காய் தோசை
DF - Masal Siyum Small,DF - மசால் சீயம் சின்ன
DF - Mysore Bonda (N),DF - மைசூர் போண்டா (N)
DF - Online Masal Siyum,DF - ஆன்லைன் மசால் சீயம்
DF - Soya Kola (Uma),DF - சோயா கோலா (உப்புமா)
DF - Soya Kola Urundai,DF - சோயா கோலா உருண்டை
DF - Vazhaikaai Kola Urundai,DF - வாழைக்காய் கோலா உருண்டை
DF - Vellai Paniyaram,DF - வெள்ளை பணியாரம்
DF - Wheat Rava Paniyaram,DF - கோதுமை ரவா பணியாரம்
DF- Mysore Bonda,DF - மைசூர் போண்டா
DF- Seepu Seedai,DF - சீப்பு சீடை
DF- Seepu Seedai Mavu,DF - சீப்பு சீடை மாவு
DF-Baked Veg Vadai,DF - பேக் செய்த காய்கறி வடை
DF-Kuzhi Paniyaram,DF - குழி பணியாரம்
DF-Kuzhi Paniyaram Veg Stuffed,DF - குழி பணியாரம் காய்கறி ஸ்டஃப்டு
DF-Milagai Bajji,DF - மிளகாய் பஜ்ஜி
DF-Onion Bajji,DF - வெங்காயம் பஜ்ஜி
DF-Onion Bajji (global),DF - வெங்காயம் பஜ்ஜி (குளோபல்)
DF-Potato Bajji,DF - உருளைக்கிழங்கு பஜ்ஜி
DF-Potato Bonda(BM),DF - உருளைக்கிழங்கு போண்டா(பால்)
DF-Potato bonda(Rice),DF - உருளைக்கிழங்கு போண்டா(சாதம்)
DF-Sweet Corn Bonda,DF - இனிப்பு கார்ன் போண்டா
DF-Thool Bajji,DF - தூள் பஜ்ஜி
DF-Vazhakkai Bajji,DF - வாழைக்காய் பஜ்ஜி
DF-Veg Pakora,DF - காய்கறி பக்கோடா
DF-Veg Spring Roll,DF - காய்கறி ஸ்பிரிங் ரோல்
DF-Vegetable Vadai,DF - காய்கறி வடை
"DP- Baby corn, Mushroom Fry Mavu","DP - பேபி கார்ன், காளான் வறுவல் மாவு"
DP-Garlic Podi,DP - பூண்டு பொடி
Dakshin DP - Sambar Podi I,Dakshin DP - சாம்பார் பொடி I
Dakshin KK - Spicy Tamarind Kuzhambu,Dakshin KK - காரசாரமான புளி குழம்பு
Dakshin KK - Spicy Tamarind Kuzhambu Sesoning,Dakshin KK - காரசாரமான புளி குழம்பு தாளிப்பு
Dal - :Lausini Dal,Dal - லசுனி பருப்பு
Dal - Arhar Dal,Dal - துவரம் பருப்பு
Dal - Channa Masala Dal,Dal - சென்னா மசாலா பருப்பு
Dal - Chef Spl. Dal,Dal - செஃப் Spl. பருப்பு
Dal - Chef Spl. Kaali Dal,Dal - செஃப் Spl. காளி பருப்பு
Dal - Chow Chow,Dal - சௌசௌ சௌசௌ
Dal - Dhabawali Dal,Dal - தாபாவாலி பருப்பு
Dal - Lauki,Dal - சுரைக்காய்
Dal - Panchamela Dal,Dal - பஞ்சமேல் பருப்பு
Dal - Panchphoran Dal,Dal - பஞ்சபோரன் பருப்பு
Dal - Rajasthani Dal,Dal - ராஜஸ்தானி பருப்பு
Dal -Peeli Moong Dal,Dal - பீலி பாசி பருப்பு
Dal- Dl Makhani,Dal - பருப்பு மக்கானி
Dal- Pasi Payaru Dal,Dal - பாசி பயறு பருப்பு
Dal-Dal Palak,Dal - பருப்பு பாலக்
Dal-Dal Tadka,Dal - பருப்பு தாளிப்பு
Dal-Drumstick Leaf Dal,Dal - முருங்கைக்காய் இலை பருப்பு
Dal-Green Gram Dal,Dal - பச்சை கடலை பருப்பு
Dal-Lahsooni Dal,Dal - லசுனி பருப்பு
Dal-Lauki Chana Dal,Dal - சுரைக்காய் சுண்டல் பருப்பு
Dal-Mango Dal,Dal - மாங்காய் பருப்பு
Dal-Mooli Moong Dal,Dal - முள்ளங்கி பாசி பருப்பு
Dal-Pumpkin Dal,Dal - பரங்கிக்காய் பருப்பு
Dal-Pumpkin Dal thalippu,Dal - பரங்கிக்காய் பருப்பு தாளிப்பு
Dal-Tomato Pappu,Dal - தக்காளி பருப்பு
Dal-Trivethi Dal,Dal - திரிவேணி பருப்பு
Dal-Whole Masur Dal,Dal - முழு மைசூர் பருப்பு பருப்பு
Df-Vegetable Bonda,Df - காய்கறி போண்டா
Don't Use -Order Chapathy,Don't பயன்படுத்த -ஆர்டர் சப்பாத்தி
Dosa - Chinna Cholam Dosai,Dosa - சின்ன சோளம் தோசை
Dosa - Cucumber Dosa,Dosa - வெள்ளரிக்காய் தோசை
Dosa - Kattuyanam,Dosa - காட்டுயானம்
Dosa - Keppai Dosa,Dosa - கேப்பை தோசை
Dosa - Mudakathan,Dosa - முடக்கத்தான்
Dosa - Mushroom Masal Dosa,Dosa - காளான் மசால் தோசை
Dosa - Rava Dosa,Dosa - ரவா தோசை
Dosa - Sweet Corn Masal Dosai,Dosa - இனிப்பு கார்ன் மசால் தோசை
Dosa - Varagu Sweet Corn Masal Dosa,Dosa - வரகு இனிப்பு கார்ன் மசால் தோசை
Dosa - Vegetable Masala Dosa,Dosa - காய்கறி மசாலா தோசை
Dosa- Moong Dal Dosa,Dosa - பாசி பருப்பு தோசை
Dosa- Multigrain Dosa,Dosa - மல்டிகிரைன் தோசை
Dosa- Traditional Rice Dosa,Dosa - பாரம்பரிய சாதம் தோசை
Dosa- Vendhaya Dosa,Dosa - வெந்தய தோசை
Dosa-Chola Dosa,Dosa - சோள தோசை
Dosa-Javvarisi Dosa,Dosa - ஜவ்வரிசி தோசை
Dosa-Kal Dosa,Dosa - கல் தோசை
Dosa-Kambu Dosa,Dosa - கம்பு தோசை
Dosa-Kambu Masal Dosa,Dosa - கம்பு மசால் தோசை
Dosa-Mini Uthappam,Dosa - மினி ஊத்தப்பம்
Dosa-Mysore Masal Dosa Chutney,Dosa - மைசூர் மசால் தோசை சட்னி
Dosa-Mysore Masal Dosa Masala,Dosa - மைசூர் மசால் தோசை மசாலா
Dosa-Mysore Masala Dosa,Dosa - மைசூர் மசாலா தோசை
Dosa-Pesarattu Dosa,Dosa - பெசரட்டு தோசை
Dosa-Samai Dosa,Dosa - சாமை தோசை
Dosa-Sponge Dosa,Dosa - ஸ்பாஞ்ச் தோசை
Dosa-Wheat Dosa,Dosa - கோதுமை தோசை
Dosai Maavu,தோசை மாவு
Dry Manchurian - Sauce,Dry Manchurian - சாஸ்
Dry Manchurian - Veg,Dry Manchurian - காய்கறி
"Dry Subji - Aloo, Bindi Sukka","Dry Subji - உருளைக்கிழங்கு, வெண்டைக்காய் சுக்கா"
Elaneer Halwa,இளநீர் அல்வா
Filter Coffee Decoction,வடிகட்டிய காபி டிக்காக்ஷன்
Flask,பிளாஸ்க்
Fruit - HF,Fruit - ஹெச்.எஃப்
Fruit- Yelakki Banana,Fruit - ஏலக்கி வாழைப்பழம்
Fruit-Banana,Fruit - வாழைப்பழம்
G Dal-Channa Dal,G Dal - சென்னா பருப்பு
G Dal-Konkani Dal,G Dal - கொங்கணி பருப்பு
GRB-Veg Briyani Basmathi,GRB - காய்கறி பிரியாணி பாசுமதி
Garbage Cover,குப்பை உறை
Garlic Podi Idiyappam,பூண்டு பொடி இடியாப்பம்
Gravy Manchurian - Sauce,Gravy Manchurian - சாஸ்
Gravy Manchurian - Veg,Gravy Manchurian - காய்கறி
Gutti Vankaya Curry,குத்தி வங்காய கறி
Gutti Vankaya Curry Grinding,குத்தி வங்காய கறி அரைவை
Gutti Vankaya Curry Tempering,குத்தி வங்காய கறி தாளிப்பு
HB - Badham Milk,HB - பாதாம் பால்
HB - Karkandu,HB - கற்கண்டு
HB - Masala Paal,HB - மசாலா பால்
HB - Masala Paal Podi,HB - மசாலா பால் பொடி
HB - Milk,HB - பால்
HB - Panakarkandu Milk,HB - பனங்கற்கண்டு பால்
HB-Decoction,HB - டிக்காக்ஷன்
HB-Sukku Paal,HB - சுக்கு பால்
HOS - Barley Water,HOS - பார்லி தண்ணீர்
HOS - Boiled Vegetables,HOS - வேகவைத்த காய்கறிகள்
HOS - Dhal Water,HOS - பருப்பு தண்ணீர்
HOS - Oats,HOS - ஓட்ஸ்
HOS - Paneer Bhurji,HOS - பன்னீர் புர்ஜி
HOS - Thin Curd Rice,HOS - மெல்லிய தயிர் சாதம்
HOS - Thin Dhal Rice,HOS - மெல்லிய பருப்பு சாதம்
HOS - Thin Rasam Rice,HOS - மெல்லிய ரசம் சாதம்
HOS -TUBE KANJI,HOS - டியூப் கஞ்சி
HOS Soup - Clear Veg. Soup,HOS Soup - க்ளியர் Veg. சூப்
HOSPITAL PARCEL,மருத்துவமனை பார்சல்
HOT WATER,சூடான தண்ணீர்
Halwa - Badham Halwa,Halwa - பாதாம் அல்வா
Halwa - Beetroot,Halwa - பீட்ரூட்
Halwa - Beetroot Dhumroot,Halwa - பீட்ரூட் தும்ரூட்
Halwa - Bread,Halwa - பிரெட்
Halwa - Carrot,Halwa - கேரட்
Halwa - Carrot (prepared),Halwa - கேரட் (தயாரிக்கப்பட்டது)
Halwa - Parangikaai Plain Halwa,Halwa - பரங்கிக்காய் ப்ளெய்ன் அல்வா
Halwa - Poosani,Halwa - பூசணி
Halwa - Red Pumpkin Dhumroot Halwa,Halwa - சிவப்பு பரங்கிக்காய் தும்ரூட் அல்வா
Halwa - Wheat,Halwa - கோதுமை
Halwa- Carrot Dhumroot Halwa,Halwa - கேரட் தும்ரூட் அல்வா
Halwa- Karuppatti Halwa,Halwa - கருப்பட்டி அல்வா
Halwa- Poosani(Kasi) Halwa,Halwa - பூசணி(காசி) அல்வா
Halwa-Kasi Halwa (Dhumroot),Halwa - காசி அல்வா (தும்ரூட்)
Hatsun Curd,ஹட்சன் தயிர்
Hospital Rasam Rice,மருத்துவமனை ரசம் சாதம்
Hotel Sambar,ஹோட்டல் சாம்பார்
Hotel Sambar Podi,ஹோட்டல் சாம்பார் பொடி
IIaneer Payasam,இளநீர் பாயாசம்
IK - Ilan Kuzhambu,IK - இளநீர் குழம்பு
IK - Ilan Kuzhambu Avaraikaai,IK - இளநீர் குழம்பு அவரைக்காய்
IK - Ilan Kuzhambu Beans,IK - இளநீர் குழம்பு பீன்ஸ்
IK - Ilan Kuzhambu Malli,IK - இளநீர் குழம்பு மல்லி
IK - Ilan Kuzhambu Vendikkaai,IK - இளநீர் குழம்பு வெண்டைக்காய்
Idly- Kattu Yanam,Idly - கட்டு யானம்
Iyer Rasam Thalippu,ஐயர் ரசம் தாளிப்பு
Juice - Nannar Sarbath,Juice - நன்னாரி சர்பத்
Juice - Panakkam,Juice - பானகம்
Juice - Welcome Drink,Juice - வெல்கம் பானம்
Juice- tang Mango,Juice - டாங் மாங்காய்
KESARI,கேசரி
KK - Araithu Vitta Kathirikaai Kuzhambu,KK - அரைத்து விட்ட கத்தரிக்காய் குழம்பு
KK - Araithu Vitta Kathirikaai Kuzhambu Aravai,KK - அரைத்து விட்ட கத்தரிக்காய் குழம்பு அரைவை
"KK - Bittergourd, Dates, Greenchilly Kuzhambu","KK - பாகற்காய், பேரீச்சம்பழம், பச்சை மிளகாய் குழம்பு"
KK - Brinjal Ketti Kuzhambu Aravai,KK - கத்தரிக்காய் கெட்டி குழம்பு அரைவை
"KK - Brinjal, Drumstick Puli Kuzhambu Aravai","KK - கத்தரிக்காய், முருங்கைக்காய் புளி குழம்பு அரைவை"
"KK - Brinjal, Vazhaikaai Puli Kuzhambu Aravai","KK - கத்தரிக்காய், வாழைக்காய் புளி குழம்பு அரைவை"
KK - Chow Chow Payaru Kuzhambu,KK - சௌசௌ சௌசௌ பயறு குழம்பு
KK - Coconut Milk Vathal Kuzhambu,KK - தேங்காய் பால் வற்றல் குழம்பு
"KK - Date, Greenchilly Kuzhambu","KK - பேரீச்சம்பழம், பச்சை மிளகாய் குழம்பு"
"KK - Date, Greenchilly Kuzhambu Aravai","KK - பேரீச்சம்பழம், பச்சை மிளகாய் குழம்பு அரைவை"
KK - Iru Puli Kuzhambu Aravai,KK - இரு புளி குழம்பு அரைவை
KK - Irupuli Kuzhambu,KK - இருபுளி குழம்பு
KK - Iyer Kuzambu Sunda Vathal,KK - ஐயர் குழம்பு சுண்டக்காய் வற்றல்
KK - Iyer Kuzhambu Aravai,KK - ஐயர் குழம்பு அரைவை
KK - Iyer Kuzhambu Manathakkali,KK - ஐயர் குழம்பு மணத்தக்காளி
KK - KOLLU KUZHAMBU ARAVAI,KK - கொள்ளு குழம்பு அரைவை
KK - Karunai Kuzhambu,KK - கருணைக்கிழங்கு குழம்பு
KK - Karuppu Konda Kadalai Kuzhambu,KK - கருப்பு கொண்டை கடலை குழம்பு
KK - Karuppu Konda Kadalai Kuzhambu Aravai,KK - கருப்பு கொண்டை கடலை குழம்பு அரைவை
KK - Kollu Kuzhambu,KK - கொள்ளு குழம்பு
KK - Lady'sfinger Theeyal Aravai,KK - Lady'sfinger தீயல் அரைவை
KK - Mealmaker Ketti Kuzhambu,KK - மீல்மேக்கர் கெட்டி குழம்பு
KK - Milagu Kuzhambu,KK - மிளகு குழம்பு
KK - Mocchai Kuzhambu,KK - மொச்சை குழம்பு
KK - Nilakadalai Vathakuzhambu,KK - நிலக்கடலை வத்தக்குழம்பு
KK - Omam Kuzhambu,KK - ஓமம் குழம்பு
KK - Pakkoda Ketti Kuzhambu,KK - பக்கோடா கெட்டி குழம்பு
KK - Pakkoda Ketti Kuzhambu Aravai,KK - பக்கோடா கெட்டி குழம்பு அரைவை
KK - Paruppu Urundai,KK - பருப்பு உருண்டை
KK - Paruppu Urundai Kuzhambu,KK - பருப்பு உருண்டை குழம்பு
KK - Paruppu Urundai Kuzhambu Aravai,KK - பருப்பு உருண்டை குழம்பு அரைவை
KK - Pasipayaru Kuzhambu,KK - பாசிப்பயறு குழம்பு
KK - Pattani Kuzhambu,KK - பட்டாணி குழம்பு
KK - Puli Kuzhambu,KK - புளி குழம்பு
KK - Saiva Mein Kuzhambu,KK - சைவ மீன் குழம்பு
KK - Sukku Milagu Kuzhambu Thaalippu,KK - சுக்கு மிளகு குழம்பு தாளிப்பு
"KK - Sukku, Milagu Kuzhambu","KK - சுக்கு, மிளகு குழம்பு"
"KK - Sukku, Milagu Kuzhambu Aravai","KK - சுக்கு, மிளகு குழம்பு அரைவை"
KK - Thattapayaru Kuzambu,KK - தட்டப்பயறு குழம்பு
KK - Tomato Ketti Kuzhambu Aravai,KK - தக்காளி கெட்டி குழம்பு அரைவை
KK - Vendhaya Kuzhambu,KK - வெந்தய குழம்பு
KK - Vendhaya Kuzhambu Aravai,KK - வெந்தய குழம்பு அரைவை
KK - Vendhaya Kuzhambu Podi,KK - வெந்தய குழம்பு பொடி
KK - Vendi Vatha Kuzhambu,KK - வெண்டை வற்றல் குழம்பு
KK - Viral Mein Kuzhambu Aravai,KK - விரால் மீன் குழம்பு அரைவை
KK - Viralmein Kuzhambu Mein,KK - விரால் மீன் குழம்பு மீன்
KK- Ennai Brinjal Kuzhambu Aravai,KK - எண்ணெய் கத்தரிக்காய் குழம்பு அரைவை
KK- Ennai Brinjal Kuzhambu thalippu,KK - எண்ணெய் கத்தரிக்காய் குழம்பு தாளிப்பு
KK- Ennai Katharikkai Kuzhambu,KK - எண்ணெய் கத்தரிக்காய் குழம்பு
KK- Thakkali Ketti Kuzhambu,KK - தக்காளி கெட்டி குழம்பு
"KK- Vengayam,Poondu Kuzhambu","KK - வெங்காயம்,பூண்டு குழம்பு"
KK-Company Paruppu Urundai Kuzhambu,KK - கம்பெனி பருப்பு உருண்டை குழம்பு
KK-Karuveppilai Kuzhambu,KK - கருவேப்பிலை குழம்பு
KK-Karuveppilai Kuzhambu Aravai,KK - கருவேப்பிலை குழம்பு அரைவை
KK-Kathari Ketti Kuzhambu,KK - கத்தரிக்காய் கெட்டி குழம்பு
"KK-Kathari,Mangai Puli Kuzhambu","KK - கத்தரிக்காய்,மாங்காய் புளி குழம்பு"
"KK-Kathari,Murungai Puli Kuzhambu","KK - கத்தரிக்காய்,முருங்கை புளி குழம்பு"
"KK-Kathari,Vazhaikkai Puli Kuzhambu","KK - கத்தரிக்காய்,வாழைக்காய் புளி குழம்பு"
"KK-Kathiri, Mochai Vatha Kuzhambu","KK - கத்தரிக்காய், மொச்சை வற்றல் குழம்பு"
KK-Kothavarangaai Kuzhambu,KK - கொத்தவரங்காய் குழம்பு
KK-Pagarkai Kuzhambu,KK - பாகற்காய் குழம்பு
KK-Palakaai Puli Kuzhambu,KK - பலாக்காய் புளி குழம்பு
KK-Parangikai Ketti Kuzhambu,KK - பரங்கிக்காய் கெட்டி குழம்பு
KK-Parangikai Puli Kuzhambu,KK - பரங்கிக்காய் புளி குழம்பு
KK-Paruppu Urundai Extra,KK - பருப்பு உருண்டை கூடுதல்
KK-Thattapayaru Kuzhambu New,KK - தட்டப்பயறு குழம்பு புதிய
KK-Vendaikkai Kuzhambu,KK - வெண்டைக்காய் குழம்பு
KK-Vendaikkai Theeyal,KK - வெண்டைக்காய் தீயல்
KP - Beans Kara Poriyal,KP - பீன்ஸ் கார பொரியல்
KP - Beetroot Masala,KP - பீட்ரூட் மசாலா
"KP - Beetroot, Soya Poriyal","KP - பீட்ரூட், சோயா பொரியல்"
"KP - Beetroot, Sweet Corn Poriyal","KP - பீட்ரூட், இனிப்பு கார்ன் பொரியல்"
KP - Brinjal Coconut Poriyal Aravai,KP - கத்தரிக்காய் தேங்காய் பொரியல் அரைவை
"KP - Brinjal, Drumstick, Thattapayaru Poriyal Aravai","KP - கத்தரிக்காய், முருங்கைக்காய், தட்டப்பயறு பொரியல் அரைவை"
KP - Carrot Kara Poriyal,KP - கேரட் கார பொரியல்
"KP - Carrot, Cauliflower Poriyal","KP - கேரட், காளிஃபிளவர் பொரியல்"
"KP - Carrot, Kudamilagaai Poriyal","KP - கேரட், குடைமிளகாய் பொரியல்"
"KP - Carrot, Mealmaker Perattal","KP - கேரட், மீல்மேக்கர் பிரட்டல்"
"KP - Carrot, Sprouts Kara Poriyal","KP - கேரட், முளைகட்டிய பயறு கார பொரியல்"
KP - Cauliflower Poriyal,KP - காளிஃபிளவர் பொரியல்
"KP - Cauliflower, Channa Poriyal","KP - காளிஃபிளவர், சென்னா பொரியல்"
KP - Gutti Venkaya Karam,KP - குத்தி வெங்காய காரம்
"KP - Kos, Carrot Kara Poriyal","KP - கோஸ், கேரட் கார பொரியல்"
KP - Kovakaai Kara Curry,KP - கோவக்காய் கார கறி
KP - Kovakaai Poriyal,KP - கோவக்காய் பொரியல்
KP - Kovakaai Poriyal (CONVO),KP - கோவக்காய் பொரியல் (காம்போ)
KP - Maravalli Kilangu,KP - மரவள்ளி கிழங்கு
KP - Thattapaiythanga Kara Poriyal,KP - தட்டப்பயத்தங்காய் கார பொரியல்
KP - Urulai Podi Poriyal,KP - உருளைக்கிழங்கு பொடி பொரியல்
KP - Urulai Podi Poriyal Podi,KP - உருளைக்கிழங்கு பொடி பொரியல் பொடி
"KP - Urulai, Carrot Poriyal","KP - உருளைக்கிழங்கு, கேரட் பொரியல்"
"KP - Urulai, Kathiri Podi Curry","KP - உருளைக்கிழங்கு, கத்தரிக்காய் பொடி கறி"
KP - Vazhaikaai Dry Poriyal Aravai,KP - வாழைக்காய் உலர் பொரியல் அரைவை
KP - Vazhaikaai Dry Poriyal Thalippu,KP - வாழைக்காய் உலர் பொரியல் தாளிப்பு
KP - Vazhakaai Dry Poriya,KP - வாழைக்காய் உலர் பொரியல்
KP - Vazhakaai Kara Poriyal,KP - வாழைக்காய் கார பொரியல்
KP - Vendikaai Podi,KP - வெண்டைக்காய் பொடி
KP - Yam Kara Poriyal,KP - சேனைக்கிழங்கு கார பொரியல்
KP - Yennai Vazhaikaai,KP - எண்ணெய் வாழைக்காய்
KP- Cabbage Masala,KP - முட்டைக்கோஸ் மசாலா
"KP- Cabbage, Channa Masala","KP - முட்டைக்கோஸ், சென்னா மசாலா"
"KP- Cabbage, Peas Masala","KP - முட்டைக்கோஸ், பட்டாணி மசாலா"
"KP- Cabbage,Double Beans Poriyal","KP - முட்டைக்கோஸ்,டபுள் பீன்ஸ் பொரியல்"
"KP- Cauliflower, Pachai Pattani Poriyal","KP - காளிஃபிளவர், பச்சை பட்டாணி பொரியல்"
KP- Chinna Urulai Poriyal,KP - சின்ன உருளைக்கிழங்கு பொரியல்
"KP- Kathari,Urulai Poriyal","KP - கத்தரிக்காய்,உருளைக்கிழங்கு பொரியல்"
KP- Thattapayithangai Masala Aravai,KP - தட்டப்பயத்தங்காய் மசாலா அரைவை
KP- Urulai Kara Kari,KP - உருளைக்கிழங்கு கார கறி
KP- Urulai Poriyal,KP - உருளைக்கிழங்கு பொரியல்
"KP- Urulai,Carrot,Kudaimilagai Perattal","KP - உருளைக்கிழங்கு,கேரட்,குடைமிளகாய் பிரட்டல்"
"KP- Urulai,Cauliflower Poriyal","KP - உருளைக்கிழங்கு,காளிஃபிளவர் பொரியல்"
"KP- Urulai,Pattani Poriyal","KP - உருளைக்கிழங்கு,பட்டாணி பொரியல்"
"KP- Urulai,Peas Poriyal","KP - உருளைக்கிழங்கு,பட்டாணி பொரியல்"
KP- thatapaithangai Masala,KP - தட்டப்பயத்தங்காய் மசாலா
"KP-Cabbage,Rajma Poriyal","KP - முட்டைக்கோஸ்,ராஜ்மா பொரியல்"
"KP-Carrot, Pachai Pattani Poriyal","KP - கேரட், பச்சை பட்டாணி பொரியல்"
KP-Kanja Pattani Masala,KP - கஞ்சி பட்டாணி மசாலா
KP-Kathari Mochai Poriyal,KP - கத்தரிக்காய் மொச்சை பொரியல்
KP-Kathari Thengai Poriyal,KP - கத்தரிக்காய் தேங்காய் பொரியல்
"KP-Kathari,Murungai Poriyal","KP - கத்தரிக்காய்,முருங்கை பொரியல்"
"KP-Kathari,Murungai,Thattapayaru Poriyal","KP - கத்தரிக்காய்,முருங்கை,தட்டப்பயறு பொரியல்"
"KP-Kathiri, Pachai Mochai Pirattal","KP - கத்தரிக்காய், பச்சை மொச்சை பிரட்டல்"
KP-Kos Ko.Kadalai Poriyal,KP - கோஸ் Ko.Kadalai பொரியல்
KP-Kos Soyabean Poriyal,KP - கோஸ் சோயாபீன் பொரியல்
KP-Kothavarangai Masala,KP - கொத்தவரங்காய் மசாலா
KP-Mochai Masala,KP - மொச்சை மசாலா
"KP-Potato,Mealmaker Perattal","KP - உருளைக்கிழங்கு,மீல்மேக்கர் பிரட்டல்"
"KP-Urulai, Carrot, Dry Peas Poriyal","KP - உருளைக்கிழங்கு, கேரட், உலர் பட்டாணி பொரியல்"
"KP-Urulai, Carrot, Peas Poriyal","KP - உருளைக்கிழங்கு, கேரட், பட்டாணி பொரியல்"
"KP-Urulai,Carrot,Cauliflower Poriyal","KP - உருளைக்கிழங்கு,கேரட்,காளிஃபிளவர் பொரியல்"
"KP-Urulai,Carrot,Channa Poriyal(No Onion)","KP - உருளைக்கிழங்கு,கேரட்,சென்னா பொரியல்(வெங்காயம் இல்லாத வெங்காயம்)"
"KP-Urulai,Cauliflower,Pattani Poriyal","KP - உருளைக்கிழங்கு,காளிஃபிளவர்,பட்டாணி பொரியல்"
"KP-Urulai,Kondaikadalai Poriyal","KP - உருளைக்கிழங்கு,கொண்டைக்கடலை பொரியல்"
"KP-Urulai,cauliflower,Carrot,Pattani Poriyal","KP - உருளைக்கிழங்கு,காளிஃபிளவர்,கேரட்,பட்டாணி பொரியல்"
KP-Vendaikkai Podi Poriyal,KP - வெண்டைக்காய் பொடி பொரியல்
KP-Vendaikkai Poriyal,KP - வெண்டைக்காய் பொரியல்
"KPC - Baby Urulai, Kalan Pirattal","KPC - பேபி உருளைக்கிழங்கு, காளான் பிரட்டல்"
"KPC - Carrot, Double Beans Perattal","KPC - கேரட், டபுள் பீன்ஸ் பிரட்டல்"
"KPC - Carrot, Pilakottai Pirattal","KPC - கேரட், பலாக்கொட்டை பிரட்டல்"
KPC - Perattal Aravai,KPC - பிரட்டல் அரைவை
"KPC - Urulai,Beetroot,Cauliflower Pirattal","KPC - உருளைக்கிழங்கு,பீட்ரூட்,காளிஃபிளவர் பிரட்டல்"
"KPC - Urulai,Beetroot,Pattani Perattal","KPC - உருளைக்கிழங்கு,பீட்ரூட்,பட்டாணி பிரட்டல்"
"KPC- Beetroot, Carrot,Pattani Perattal","KPC - பீட்ரூட், கேரட்,பட்டாணி பிரட்டல்"
KPC- Kalakos Perattal,KPC - காலகோஸ் பிரட்டல்
KPC- Mochai Perattal,KPC - மொச்சை பிரட்டல்
"KPC- Urulai,Cauliflower,Carrot,Butter Beans Perattal","KPC - உருளைக்கிழங்கு,காளிஃபிளவர்,கேரட்,வெண்ணெய் பீன்ஸ் பிரட்டல்"
KPC-Beetroot Pirattal,KPC - பீட்ரூட் பிரட்டல்
"KPC-Beetroot,Channa Pirattal","KPC - பீட்ரூட்,சென்னா பிரட்டல்"
"KPC-Beetroot,Double Beans Perattal","KPC - பீட்ரூட்,டபுள் பீன்ஸ் பிரட்டல்"
KPC-Channa Pirattal,KPC - சென்னா பிரட்டல்
"KPC-Chinna Urlai,Kalan, Butter Beans  Pirattal","KPC - சின்ன உருளைக்கிழங்கு,காளான், வெண்ணெய் பீன்ஸ் பிரட்டல்"
KPC-Mixed Veg. Pirattal,KPC - கலவை Veg. பிரட்டல்
KPC-Rajma Pirattal,KPC - ராஜ்மா பிரட்டல்
"KPC-Urulai, Carrot, Kaalan Pirattal","KPC - உருளைக்கிழங்கு, கேரட், காளான் பிரட்டல்"
"KPC-Urulai,Carrot,Beans Perattal","KPC - உருளைக்கிழங்கு,கேரட்,பீன்ஸ் பிரட்டல்"
"KPC-Urulai,Carrot,Cauliflower,Pattani Perattal","KPC - உருளைக்கிழங்கு,கேரட்,காளிஃபிளவர்,பட்டாணி பிரட்டல்"
"KPC-Urulai,Carrot,Kondaikadalai Perattal","KPC - உருளைக்கிழங்கு,கேரட்,கொண்டைக்கடலை பிரட்டல்"
"KPC-Urulai,Carrot,Pattani Perattal","KPC - உருளைக்கிழங்கு,கேரட்,பட்டாணி பிரட்டல்"
KPF - Raw Plantain Fry,KPF - பச்சை வாழைப்பழம் வறுவல்
KPF - Sembu Fry,KPF - சேப்பங்கிழங்கு வறுவல்
KPF - Urulai Fry,KPF - உருளைக்கிழங்கு வறுவல்
KPF - Yam Fry,KPF - சேனைக்கிழங்கு வறுவல்
KPF - Yam Varuval,KPF - சேனைக்கிழங்கு வறுவல்
KPF-Urulai Karuvattu Poriyal,KPF - உருளைக்கிழங்கு கருவாட்டு பொரியல்
Kanchipuram Idly Thalippu,காஞ்சிபுரம் இட்லி தாளிப்பு
Kandharappam,கந்தரப்பம்
Karuveppilai Podi,கருவேப்பிலை பொடி
Kashayam-Nilavembu,Kashayam - நிலவேம்பு
Kerala- Kadalai Kai Thalippu,Kerala - கடலை காய் தாளிப்பு
Kerala- Kos Thoran,Kerala - கோஸ் தோரன்
Kerala- Papadam,Kerala - அப்பளம்
Kerala-Inji Puli,Kerala - இஞ்சி புளி
Kerala-Inji Puli Thalippu,Kerala - இஞ்சி புளி தாளிப்பு
Kerala-Kadalai Kari,Kerala - கடலை கறி
Kerala-Kadalai Kari Aravai,Kerala - கடலை கறி அரைவை
Kerala-Kos Thoran Thalippu,Kerala - கோஸ் தோரன் தாளிப்பு
Kerala-Sakkara varatti,Kerala - சர்க்கரை வரட்டி
Kerela - Eriseri,Kerela - எரிசேரி
Kerela - Eriseri Aravai,Kerela - எரிசேரி அரைவை
Kerela - Eriseri Thaalippu,Kerela - எரிசேரி தாளிப்பு
Kerela - Eriseru Aravai,Kerela - எரிசேரி அரைவை
Kerela - Kaalan,Kerela - காளான்
Kerela - Kaalan Aravai,Kerela - காளான் அரைவை
Kerela - Kaalan Thaalippu,Kerela - காளான் தாளிப்பு
Kerela - Kadalai Curry,Kerela - கடலை கறி
Kerela - Kadalai Curry Aravai,Kerela - கடலை கறி அரைவை
Kerela - Kadalai Curry Tempering,Kerela - கடலை கறி தாளிப்பு
Kerela - Parippu Curry,Kerela - பருப்பு கறி
Kerela - Varuthu Araitha Sambar,Kerela - வறுத்து அரைத்த சாம்பார்
Kerela - Varuthu Araitha Sambar Aravai,Kerela - வறுத்து அரைத்த சாம்பார் அரைவை
Kerela - Varuthu Araitha Sambar Thaalippu,Kerela - வறுத்து அரைத்த சாம்பார் தாளிப்பு
Kerela - Yam Koottu Curry,Kerela - சேனைக்கிழங்கு கூட்டு கறி
Kicchadi- Semia Kichadi,Kicchadi - சேமியா கிச்சடி
Kicchidi - Kuthiraivali Veg Kicchidi,Kicchidi - குதிரைவாலி காய்கறி கிச்சடி
Kicchidi - Rava Kicchidi,Kicchidi - ரவா கிச்சடி
Kicchidi - Samai Kicchidi,Kicchidi - சாமை கிச்சடி
Kicchidi - Thinai Veg. Kicchidi,Kicchidi - தினை Veg. கிச்சடி
Kicchidi - Varagu Murungaikeerai,Kicchidi - வரகு முருங்கைக்கீரை
Kolkatta Aloo Subji,கொல்கத்தா உருளைக்கிழங்கு சப்ஜி
Kootu - 7 Kaai Kootu,Kootu - 7 காய் கூட்டு
Kootu - 7 Kaai Kootu,Kootu - 7 காய் கூட்டு
Kootu - Chow Chow,Kootu - சௌசௌ சௌசௌ
"Kootu - Keerai, Kadalai Paruppu","Kootu - கீரை, கடலை பருப்பு"
"Kootu - Keerai,Pasiparuppu","Kootu - கீரை,பாசிப்பருப்பு"
Kootu - Mor Kootu Aravai,Kootu - மோர் கூட்டு அரைவை
Kootu - Pagarkaai Pitlai Aravai,Kootu - பாகற்காய் பிட்லை அரைவை
Kootu - Pagarkai Pitlai,Kootu - பாகற்காய் பிட்லை
Kootu - Peerkangaai Pitlai,Kootu - பீர்க்கங்காய் பிட்லை
Kootu - Poosani,Kootu - பூசணி
Kootu - Poosani Palakat,Kootu - பூசணி பாலக்காடு
Kootu - Poosani Palakat Aravai,Kootu - பூசணி பாலக்காடு அரைவை
Kootu - Poosani Palakat Thaalippu,Kootu - பூசணி பாலக்காடு தாளிப்பு
Kootu - Snakegourd Pitlai,Kootu - புடலங்காய் பிட்லை
Kootu - Vazhaithandu (N),Kootu - வாழைத்தண்டு (N)
Kootu - Vazhaithandu Kootu Thalippu,Kootu - வாழைத்தண்டு கூட்டு தாளிப்பு
Kootu New - Snakegourd,Kootu New - புடலங்காய்
Kootu- Arachu Vitta Kootu Suraikkai,Kootu - அரைத்து விட்ட கூட்டு சுரைக்காய்
Kootu- Arachu Vitta Kootu Thalippu,Kootu - அரைத்து விட்ட கூட்டு தாளிப்பு
Kootu- Arachu vitta Suraikkai Kootu Aravai,Kootu - அரைத்து விட்ட சுரைக்காய் கூட்டு அரைவை
Kootu- Mullangi,Kootu - முள்ளங்கி
Kootu- Palakaai,Kootu - பலாக்காய்
Kootu- Suraikkai,Kootu - சுரைக்காய்
Kootu-Chow Chow Mor Kootu,Kootu - சௌசௌ சௌசௌ மோர் கூட்டு
"Kootu-Keerai, Mangai Kadayal","Kootu - கீரை, மாங்காய் கடையல்"
Kootu-Kos,Kootu - கோஸ்
Kootu-Palak Keerai Kadaiyal,Kootu - பாலக் கீரை கடையல்
Kootu-Parangikkaai,Kootu - பரங்கிக்காய்
Kootu-Paruppu Keerai Kadaiyal,Kootu - பருப்பு கீரை கடையல்
Kootu-Pudalai,Kootu - புடலை
Kootu-Vendhaya Keerai Kadaiyal,Kootu - வெந்தய கீரை கடையல்
Kumbakonam Pickle,கும்பகோணம் ஊறுகாய்
Kurma - Channa Kurma,Kurma - சென்னா குருமா
Kurma - Parota Kruna Aravai Red,Kurma - பரோட்டா கருணை அரைவை சிவப்பு
Kurma - Parota Kurma Red,Kurma - பரோட்டா குருமா சிவப்பு
Kurma - Potato Kurma,Kurma - உருளைக்கிழங்கு குருமா
Kurma - Potato Kurma Red,Kurma - உருளைக்கிழங்கு குருமா சிவப்பு
"Kurma- Paneer,Peas  Kurma","Kurma - பன்னீர்,பட்டாணி குருமா"
Kurma- Parota Kurma Aravai,Kurma - பரோட்டா குருமா அரைவை
Kurma- Veg Kurma,Kurma - காய்கறி குருமா
Kurma- Veg Kurma (Rich),Kurma - காய்கறி குருமா (ரிச்)
Kurma- Veg Kurma(Rich) Aravai,Kurma - காய்கறி குருமா(ரிச்) அரைவை
Kurma-Tomato Kurma,Kurma - தக்காளி குருமா
Layer Chapathi,லேயர் சப்பாத்தி
Leaf - Tiffin Thattu Ilai,Leaf - டிபன் தட்டு இலை
Leaf - Yaedu,Leaf - ஏடு
Leaf- Round Ilai,Leaf - ரவுண்ட் இலை
Leaf- Sappattu Ilai,Leaf - சாப்பாடு இலை
Leaf-Tiffin Ilai,Leaf - டிபன் இலை
Live - Masal Siyum,Live - மசால் சீயம்
Live Filter Coffee,Live - வடிகட்டிய காபி
Live Item Charge-BF,Live Item Charge - காலை உணவு
Live Item Charges,Live - பொருள் கட்டணம்
Live Poori,Live - பூரி
Live-Medhu vadai,Live - மெது வடை
Lunch Sambar Tempering,மதிய உணவு சாம்பார் தாளிப்பு
Lunch Service Vessel,மதிய உணவு பரிமாறும் பாத்திரம்
MAAVU - ARISI PARUPPU UPMA,MAAVU - அரிசி பருப்பு உப்புமா
MK - Andhra Mor Kuzhambu,MK - ஆந்திரா மோர் குழம்பு
MK - Andhra Mor Kuzhambu Tempering,MK - ஆந்திரா மோர் குழம்பு தாளிப்பு
MK - Apple Mor Kuzhambu,MK - ஆப்பிள் மோர் குழம்பு
MK - Bonda Mor Kuzhambu,MK - போண்டா மோர் குழம்பு
MK - Mambazbu Mor Kuzhambu,MK - மாம்பழ மோர் குழம்பு
MK - Mixed Veg Mor Kuzhambu,MK - கலவை காய்கறி மோர் குழம்பு
MK - Mor Kuzhambu Thaalippu,MK - மோர் குழம்பு தாளிப்பு
MK - Morkuzhambu Aravai,MK - மோர்குழம்பு அரைவை
MK - Pakoda Mor Kuzhambu,MK - பக்கோடா மோர் குழம்பு
MK - Poosani Mor Kuzhambu,MK - பூசணி மோர் குழம்பு
MK - Sembu Mor Kuzhambu,MK - சேப்பங்கிழங்கு மோர் குழம்பு
MK-Kovakkai Mor Kuzhambu,MK - கோவக்காய் மோர் குழம்பு
MK-Kudaimilakaai Mor Kuzhambu,MK - குடைமிளகாய் மோர் குழம்பு
MK-Paruppu Urundai Morkuzhambu,MK - பருப்பு உருண்டை மோர்குழம்பு
MK-Vendaikkai Mor Kuzhambu,MK - வெண்டைக்காய் மோர் குழம்பு
"Maavu - Bonda, Siyum Veli Maavu","Maavu - போண்டா, சீயம் வெளி மாவு"
Maavu - Idly Maavu (285),Maavu - இட்லி மாவு (285)
Maavu- Vendhaya Dosai Mavu,Maavu - வெந்தய தோசை மாவு
Maavu- Venthaya Dosai Maavu,Maavu - வெந்தய தோசை மாவு
Maavu-Adai Mavu,Maavu - அடை மாவு
Maavu-Poongar Dosai Mavu,Maavu - பூங்கார் தோசை மாவு
Manchurian - Gobi,Manchurian - கோபி
Mandi - Agathi Keerai Mandi,Mandi - அகத்தி கீரை மண்டி
"Mandi - Bittergourd, Channa","Mandi - பாகற்காய், சென்னா"
"Mandi - Carrot, Double Beans","Mandi - கேரட், டபுள் பீன்ஸ்"
"Mandi - Carrot, Mango, Channa Mandi","Mandi - கேரட், மாங்காய், சென்னா மண்டி"
"Mandi - Carrot, Mango, SoyaBean","Mandi - கேரட், மாங்காய், சோயாபீன்"
Mandi - Coconut Milk Mango Curry,Mandi - தேங்காய் பால் மாங்காய் கறி
Mandi - Coconut Milk Mango Curry Thalippu,Mandi - தேங்காய் பால் மாங்காய் கறி தாளிப்பு
"Mandi - Kudamilagaai, DoubleBeans Mandi","Mandi - குடைமிளகாய், டபுள் பீன்ஸ் மண்டி"
Mandi - Lady'sfinger Mandi,Mandi - Lady'sfinger மண்டி
"Mandi - Maa Ginger, Channa Mandi","Mandi - மா இஞ்சி, சென்னா மண்டி"
Mandi - Mandi Thalippu,Mandi - மண்டி தாளிப்பு
"Mandi - MangoGinger, Groundnut Mandi","Mandi - மாங்காய் இஞ்சி, வேர்க்கடலை மண்டி"
Mandi - Milagaai Mandi,Mandi - மிளகாய் மண்டி
"Mandi - Pagarkkaai, Nilakadalai","Mandi - பாகற்காய், நிலக்கடலை"
Mandi - Palakaai Mandi,Mandi - பலாக்காய் மண்டி
Mandi - Pumpkin Puli Curry,Mandi - பரங்கிக்காய் புளி கறி
Mandi - Pumpkin Puli Curry Podi,Mandi - பரங்கிக்காய் புளி கறி பொடி
"Mandi- Kondaikadalai,Kudai Milagai Mandi","Mandi - கொண்டைக்கடலை,குடை மிளகாய் மண்டி"
"Mandi- Kudaimilagai, Nilakkadalai Mandi","Mandi - குடைமிளகாய், நிலக்கடலை மண்டி"
"Mandi- Maa Inji,Kondaikadalai,Kudai Milagai Mandi","Mandi - மா இஞ்சி,கொண்டைக்கடலை,குடை மிளகாய் மண்டி"
"Mandi- Vendaikkai, Kondaikadalai","Mandi - வெண்டைக்காய், கொண்டைக்கடலை"
"Mandi-Bajji Milagaai, Double Beans","Mandi - பஜ்ஜி மிளகாய், டபுள் பீன்ஸ்"
"Mandi-Carrot, Nilakkadalai Mandi","Mandi - கேரட், நிலக்கடலை மண்டி"
"Mandi-Kathari,Urulai Mandi","Mandi - கத்தரிக்காய்,உருளைக்கிழங்கு மண்டி"
"Mandi-Kathiri, Mochai","Mandi - கத்தரிக்காய், மொச்சை"
"Mandi-Kudai Milagai,Soyabean Mandi","Mandi - குடை மிளகாய்,சோயாபீன் மண்டி"
"Mandi-Maa Ginger, Nilakadalai Mandi","Mandi - மா இஞ்சி, நிலக்கடலை மண்டி"
"Mandi-Maa Inji,Nilakadalai, Kudai Milagai","Mandi - மா இஞ்சி,நிலக்கடலை, குடை மிளகாய்"
"Mandi-Parangikaai, Nilakadalai","Mandi - பரங்கிக்காய், நிலக்கடலை"
"Mandi-Sarkaraivalli, Nilakadalai","Mandi - சர்க்கரைவள்ளி, நிலக்கடலை"
"Mandi-Vendai,Mango,Mochai","Mandi - வெண்டை,மாங்காய்,மொச்சை"
Mandi-Vendaikaai,Mandi - வெண்டைக்காய்
"Mandi-Vendaikkai,Mochai","Mandi - வெண்டைக்காய்,மொச்சை"
"Mandi-Vendaikkai,Nilakkadalai","Mandi - வெண்டைக்காய்,நிலக்கடலை"
"Mandi-Vendi, Rajma Mandi","Mandi - வெண்டை, ராஜ்மா மண்டி"
Mango Ginger Thuvayal,மாங்காய் இஞ்சி துவையல்
Masal Dosa Paneer,மசால் தோசை பன்னீர்
Masala Poori,மசாலா பூரி
Masala dosa Corn,மசாலா தோசை கார்ன்
Masiyal - Karunaikizhangu Masiyal,Masiyal - கருணைக்கிழங்கு மசியல்
Masiyal- Seppangizhangu,Masiyal - சேப்பங்கிழங்கு
Mavadu Inji Pickle,மாவடு இஞ்சி ஊறுகாய்
Mavu - Chinna Chola Dosai,Mavu - சின்ன சோள தோசை
Mavu - Keppai Dosa,Mavu - கேப்பை தோசை
Mavu- Arisi Upma Mavu,Mavu - அரிசி உப்புமா மாவு
Mavu- Bajji Mavu,Mavu - பஜ்ஜி மாவு
Mavu- Manchurian Mavu,Mavu - மஞ்சூரியன் மாவு
Mavu- Mysore Bonda,Mavu - மைசூர் போண்டா
Mavu- Neer Dosai Mavu,Mavu - நீர் தோசை மாவு
Mavu- Rava Dosa Mix,Mavu - ரவா தோசை கலவை
Mavu- Vadai Mavu,Mavu - வடை மாவு
Mavu-65 Mavu,Mavu - 65 மாவு
Mavu-Appa Mavu,Mavu - அப்ப மாவு
Mavu-Baby corn Manchurian Mavu,Mavu - பேபி கார்ன் மஞ்சூரியன் மாவு
Mavu-Chola Dosa Mavu,Mavu - சோள தோசை மாவு
Mavu-Idly Kattu Yanam,Mavu - இட்லி கட்டு யானம்
Mavu-Idly Maavu,Mavu - இட்லி மாவு
Mavu-Idly Mavu (290),Mavu - இட்லி மாவு (290)
Mavu-Idly Mavu (310),Mavu - இட்லி மாவு (310)
Mavu-Idly Mavu(250),Mavu - இட்லி மாவு(250)
Mavu-Idly Thooyamalli,Mavu - இட்லி தூயமல்லி
Mavu-Idly mavu (275),Mavu - இட்லி மாவு (275)
Mavu-Javvarisi Dosai Mavu,Mavu - ஜவ்வரிசி தோசை மாவு
Mavu-Kambu dosa Mavu,Mavu - கம்பு தோசை மாவு
Mavu-Kandharappa Mavu,Mavu - கந்தரப்ப மாவு
Mavu-Karkandu Vadai Mavu,Mavu - கற்கண்டு வடை மாவு
Mavu-Karunguruvai Dosa Mavu,Mavu - கருங்குருவை தோசை மாவு
Mavu-Kattuyanam Dosai Mavu,Mavu - காட்டுயானம் தோசை மாவு
Mavu-Kattuyanam Upma Mavu,Mavu - காட்டுயானம் உப்புமா மாவு
Mavu-Keppai Idly Mavu,Mavu - கேப்பை இட்லி மாவு
Mavu-Kuzhi Paniyara Mavu,Mavu - குழி பணியார மாவு
Mavu-Mappillai Samba  Dosai Mavu,Mavu - மாப்பிள்ளை சம்பா தோசை மாவு
Mavu-Masal Siyum Mavu,Mavu - மசால் சீயம் மாவு
Mavu-Mavu urndai Mavu,Mavu - மாவு உருண்டை மாவு
Mavu-Mini Idly,Mavu - மினி இட்லி
Mavu-Multi Grain Dosai Mavu,Mavu - மல்டி தானியம் தோசை மாவு
Mavu-Navara Dosai Mavu,Mavu - நவரா தோசை மாவு
Mavu-Navara Upma Mavu,Mavu - நவரா உப்புமா மாவு
Mavu-Pidi Kozhukkattai Maavu,Mavu - பிடி கொழுக்கட்டை மாவு
Mavu-Samai dosai Mavu,Mavu - சாமை தோசை மாவு
Mavu-Sponge Dosai Mavu,Mavu - ஸ்பாஞ்ச் தோசை மாவு
Mavu-Stuffing Bonda mavu,Mavu - ஸ்டஃப்பிங் போண்டா மாவு
Mavu-Thooyamalli Idly Mavu,Mavu - தூயமல்லி இட்லி மாவு
Mavu-Uthappa Mavu,Mavu - ஊத்தப்பம் மாவு
Mavu-Varagu Dosai Maavu,Mavu - வரகு தோசை மாவு
Mavu-Ve.Paniyara Mavu,Mavu - Ve.Paniyara மாவு
Millets-Keppai Idly,Millets - கேப்பை இட்லி
Mysore Pa,மைசூர் பாக்
NAVARA IDKY MAAVU,நவரா இட்லி மாவு
Nattu Sakkarai,நாட்டு சர்க்கரை
Noodles - Noodles Pasta,Noodles - நூடுல்ஸ் பாஸ்தா
Noodles- Veg Noodles,Noodles - காய்கறி நூடுல்ஸ்
Nuggets Coating,நக்கெட்ஸ் கோட்டிங்
ON Garlic Podi Thattu Idly,பூண்டு பொடி தட்டு இட்லி
ON PARUPPU NEI (MOONG DAL),பருப்பு நெய் (பாசி பருப்பு)
ONLINE - THATTU IDLY PLAIN,ONLINE - தட்டு இட்லி ப்ளெய்ன்
ONLINE - Thooyamalli Thattu Idly,ONLINE - தூயமல்லி தட்டு இட்லி
ONLINE ADAI DOSAI,ONLINE - அடை தோசை
ONLINE Adai,ONLINE - அடை
ONLINE PARCEL,ONLINE - பார்சல்
ONLINE POORI,ONLINE - பூரி
ORDER-Adai,ORDER - அடை
Olan,ஓலன்
Onion Base Gravy,வெங்காயம் பேஸ் கிரேவி
Onion Gravy (Yellow),வெங்காயம் கிரேவி (மஞ்சள்)
Online - Medhu Vada,Online - மெது வடை
Order - Applam,Order - அப்பளம்
Order - Heartin Idly,Order - ஹார்டின் இட்லி
Order - Idly,Order - இட்லி
Order - Milagai chutney,Order - மிளகாய் சட்னி
Order - Mini Poori,Order - மினி பூரி
Order - Tea (WO Sugar),Order - தேநீர் (இல்லாமல் சர்க்கரை)
Order - Tiffin Sambar (No Onion),Order - டிபன் சாம்பார் (வெங்காயம் இல்லாத வெங்காயம்)
Order - Tiffin Sambar 3,Order - டிபன் சாம்பார் 3
Order - Ulundhu Vadai,Order - உளுந்து வடை
Order- Dily Mini,Order - இட்லி மினி
Order- Poori,Order - பூரி
Order- Thattu Idly,Order - தட்டு இட்லி
Order-Buttermilk,Order - மோர்
Order-Curd,Order - தயிர்
Order-Filter Coffee,Order - வடிகட்டிய காபி
Order-Filter Coffee W/O Sugar,Order - வடிகட்டிய காபி W/O சர்க்கரை
Order-Filter Coffee early,Order - வடிகட்டிய காபி காலை
Order-Garlic Pickle,Order - பூண்டு ஊறுகாய்
Order-Medhu Vadai,Order - மெது வடை
Order-Medhu Vadai (W/O Onion),Order - மெது வடை (W/O வெங்காயம்)
Order-Mini Idly,Order - மினி இட்லி
Order-Pongal,Order - பொங்கல்
Order-Tea,Order - தேநீர்
Order-Tiffin Sambar,Order - டிபன் சாம்பார்
Order-Tiffin Sambar 2,Order - டிபன் சாம்பார் 2
Order-Tiffin Sambar(GC),Order - டிபன் சாம்பார்(ஜிசி)
P - Ada Pradhaman,P - அடை பிரதமன்
P - Arisi Payasam,P - அரிசி பாயாசம்
P - Aval Payasam Jaggery,P - அவல் பாயாசம் வெல்லம்
P - Aval Payasam Sugar,P - அவல் பாயாசம் சர்க்கரை
P - Badham Kheer,P - பாதாம் பாயாசம்
P - Carrot Kheer,P - கேரட் பாயாசம்
"P - Carrot, Semiya Payasa","P - கேரட், சேமியா பாயாசம்"
P - Cucumber Payasam,P - வெள்ளரிக்காய் பாயாசம்
P - Javurisi Payasam,P - ஜவ்வரிசி பாயாசம்
"P - Javurisi, Semiya Payasam Jaggery","P - ஜவ்வரிசி, சேமியா பாயாசம் வெல்லம்"
"P - Javurisi, Semiya Payasam Sugar","P - ஜவ்வரிசி, சேமியா பாயாசம் சர்க்கரை"
P - Kadalai Paruppu Payasa,P - கடலை பருப்பு பாயாசம்
P - Kavuni Arisi Payasam,P - கவுனி அரிசி பாயாசம்
P - Koozh Payasam,P - கூழ் பாயாசம்
P - Kuruvai Arisi Payasa,P - குருவை அரிசி பாயாசம்
P - Milk Payasam,P - பால் பாயாசம்
P - Moongdhal Payasam Milk,P - பாசிப்பருப்பு பாயாசம் பால்
P - Moongdhall Payasam (Coconut Milk),P - பாசிப்பருப்பு பாயாசம் (தேங்காய் பால்)
P - Mukoottu Payasam,P - முக்கூட்டு பாயாசம்
P - Oats Payasam Jaggery,P - ஓட்ஸ் பாயாசம் வெல்லம்
P - Paal Payasam,P - பால் பாயாசம்
P - Payasam Thalippu,P - பாயாசம் தாளிப்பு
P - Pazha Pradhaman,P - பழ பிரதமன்
P - Rava Payasam,P - ரவா பாயாசம்
P - Semiya Paal Payasam,P - சேமியா பால் பாயாசம்
P - Wheat Rava Payasam,P - கோதுமை ரவா பாயாசம்
P-Pazha Payasam,P - பழ பாயாசம்
P-Pazha Payasam Milk Boiling,P - பழ பாயாசம் பால் வேகவைத்தல்
PMD - 3 TASTE UTHAPPAM,PMD - 3 சுவை ஊத்தப்பம்
PMD - Benne Masal Dosa,PMD - வெண்ணெய் மசால் தோசை
PMD - Benne Masal Dosa Masala,PMD - வெண்ணெய் மசால் தோசை மசாலா
PMD - Chinna Cholam Dosai,PMD - சின்ன சோளம் தோசை
PMD - Kuzhi Idiyappam,PMD - குழி இடியாப்பம்
PMD - Lemon Idiyappam,PMD - எலுமிச்சை இடியாப்பம்
PMD - MALLI IDIYAPPAM ARAVAI,PMD - மல்லி இடியாப்பம் அரைவை
PMD - MASAL DOSAI,PMD - மசால் தோசை
PMD - MASAL DOSAI POTATO,PMD - மசால் தோசை உருளைக்கிழங்கு
PMD - MASALA MINI IDLY,PMD - மசாலா மினி இட்லி
PMD - NAVARA MINI IDLY,PMD - நவரா மினி இட்லி
PMD - NO SALT IDIYAPPAM,PMD - வெங்காயம் இல்லாத உப்பு இடியாப்பம்
PMD - ON ONION UTHAPPAM,PMD - வெங்காயம் ஊத்தப்பம்
PMD - ON PODI UTHAPPAM,PMD - பொடி ஊத்தப்பம்
PMD - ON VEG UTHAPPAM,PMD - காய்கறி ஊத்தப்பம்
PMD - ONION UTHAPPAM,PMD - வெங்காயம் ஊத்தப்பம்
PMD - Onion Podi Dosai,PMD - வெங்காயம் பொடி தோசை
PMD - Onion Podi Uthappam,PMD - வெங்காயம் பொடி ஊத்தப்பம்
PMD - Onion Uthappam (Big),PMD - வெங்காயம் ஊத்தப்பம் (பெரிய)
PMD - PARROTA,PMD - பரோட்டா
PMD - PERIYA IDIYAPPAM,PMD - பெரிய இடியாப்பம்
PMD - PIDI KOZHUKATTAI,PMD - பிடி கொழுக்கட்டை
PMD - PIDI KOZHUKATTAI Pudhina,PMD - பிடி கொழுக்கட்டை புதினா
PMD - PIDI KOZHUKATTAI TOMATO,PMD - பிடி கொழுக்கட்டை தக்காளி
PMD - PODI UTHAPPAM,PMD - பொடி ஊத்தப்பம்
PMD - Paneer Masal Dosa,PMD - பன்னீர் மசால் தோசை
PMD - Plain Kuzhi Idiyappam,PMD - ப்ளெய்ன் குழி இடியாப்பம்
PMD - Plain Parota,PMD - ப்ளெய்ன் பரோட்டா
PMD - Podi Dosai,PMD - பொடி தோசை
PMD - STUFFED IDLY,PMD - ஸ்டஃப்டு இட்லி
PMD - T.Rice Masal Dosai,PMD - T.Rice மசால் தோசை
PMD - Tomato Uthappam (RS),PMD - தக்காளி ஊத்தப்பம் (ரூ)
PMD - Turkish Paratha,PMD - துருக்கிய பரோட்டா
PMD - VEG UTHAPPAM,PMD - காய்கறி ஊத்தப்பம்
PMD - Varagu Masal Dosai,PMD - வரகு மசால் தோசை
PMD- Kanchipuram Idly,PMD - காஞ்சிபுரம் இட்லி
PMD- Tomato Idiyappam,PMD - தக்காளி இடியாப்பம்
PMD- appam Coconut Milk,PMD - அப்பம் தேங்காய் பால்
PMD-Appam,PMD - அப்பம்
PMD-Beetroot Idiyappam,PMD - பீட்ரூட் இடியாப்பம்
PMD-Garlic Podi Mini Idly,PMD - பூண்டு பொடி மினி இட்லி
PMD-Ghee Dosa,PMD - நெய் தோசை
PMD-M.Samba Sweet Kozhukattai,PMD - M.Samba இனிப்பு கொழுக்கட்டை
PMD-M.Samba Uppu Kozhukattai,PMD - M.Samba உப்பு கொழுக்கட்டை
PMD-ON Garlic Podi Uthappam,PMD - பூண்டு பொடி ஊத்தப்பம்
"PMD-Paneer,Veg Uthappam","PMD - பன்னீர்,காய்கறி ஊத்தப்பம்"
PMD-Podi Mini Idly,PMD - பொடி மினி இட்லி
PMD-Pudhina Idiyappam,PMD - புதினா இடியாப்பம்
PMD-Thooyamalli Idly,PMD - தூயமல்லி இட்லி
PMD-Thooyamalli Mini Idly,PMD - தூயமல்லி மினி இட்லி
PMD-Tradional Rice Thattu Idly,PMD - பாரம்பரிய சாதம் தட்டு இட்லி
PMD-Uthappan,PMD - ஊத்தப்பம்
PODI - IYENGAR VETTU RASA PODI,PODI - ஐயங்கார் வெட்டு ரசம் பொடி
PODI -IDLY PODI NEW,PODI - இட்லி பொடி புதிய
PS-Badam Kathli,PS - பாதாம் கத்லி
PS-Modhagam,PS - மோதகம்
PSW-Coconut Inippu Siyum,PSW - தேங்காய் இனிப்பு சீயம்
PSW-Karkandu Vadai,PSW - கற்கண்டு வடை
PSW-Mavu Urundai,PSW - மாவு உருண்டை
PULI KATTU,புளி கட்டு
Pacchadi - Cluster Beans,Pacchadi - கொத்தவரங்காய் பீன்ஸ்
Pacchadi - Kovakkai Pacchadi,Pacchadi - கோவக்காய் பச்சடி
Pacchadi - Mango Salt,Pacchadi - மாங்காய் உப்பு
"Pacchadi - Mango Salt, Sweet Pacchadi","Pacchadi - மாங்காய் உப்பு, இனிப்பு பச்சடி"
Pacchadi - Mango Sweet,Pacchadi - மாங்காய் இனிப்பு
Pacchadi - Pacchadi,Pacchadi - பச்சடி
Pacchadi - Pagarkai,Pacchadi - பாகற்காய்
"Pacchadi - Palak, Corn","Pacchadi - பாலக், கார்ன்"
Pacchadi - Ridgegourd Pacchadi,Pacchadi - பீர்க்கங்காய் பச்சடி
Pacchadi - Savandi,Pacchadi - சவந்தி
Pacchadi - Sweet Pacchadi,Pacchadi - இனிப்பு பச்சடி
Pacchadi - Tomato Pachadi,Pacchadi - தக்காளி பச்சடி
Pacchadi - Ugadhi,Pacchadi - யுகாதி
Pacchadi - Vellarikaai,Pacchadi - வெள்ளரிக்காய்
"Pacchadi - Vendaikkai, Sundaikkaai","Pacchadi - வெண்டைக்காய், சுண்டக்காய்"
"Pacchadi- Kathari,Malli","Pacchadi - கத்தரிக்காய்,மல்லி"
"Pacchadi- Kathari,Murungai","Pacchadi - கத்தரிக்காய்,முருங்கை"
"Pacchadi- Kudaimilagai, Kondaikadalai","Pacchadi - குடைமிளகாய், கொண்டைக்கடலை"
"Pacchadi- Tomato,Soyabeans Pacchadi","Pacchadi - தக்காளி,சோயாபீன்ஸ் பச்சடி"
Pacchadi- Vendaikkai,Pacchadi - வெண்டைக்காய்
Pacchadi-Bajji Milagai,Pacchadi - பஜ்ஜி மிளகாய்
Pacchadi-Kudai Milagai,Pacchadi - குடை மிளகாய்
"Pacchadi-Murungai,Soya Pachadi","Pacchadi - முருங்கை,சோயா பச்சடி"
Pacchadi-Senaikizhangu,Pacchadi - சேனைக்கிழங்கு
"Pacchadi-Thakkali,Mulai Kattiya Payaru","Pacchadi - தக்காளி,முளை கட்டிய பயறு"
"Pacchadi-Vendaikkai,Soyabean","Pacchadi - வெண்டைக்காய்,சோயாபீன்"
"Pacchadi-maaInji,Kondaikadalai,Kudai Milagai","Pacchadi - மாவா இஞ்சி,கொண்டைக்கடலை,குடை மிளகாய்"
Packing Cost,பேக்கிங் செலவு
Packing Work,பேக்கிங் வேலை
PackingBoxes,பேக்கிங் பெட்டிகள்
Pakoda - Moong Dal,Pakoda - பாசி பருப்பு
Pakoda - Pumpkin,Pakoda - பரங்கிக்காய்
Paper Plate,பேப்பர் தட்டு
Paper Roll,பேப்பர் ரோல்
Parata - Corn,Parata - கார்ன்
Parata - Gobi,Parata - கோபி
Parata - Rajasthani Onion,Parata - ராஜஸ்தானி வெங்காயம்
Parata- Palak Paratha,Parata - பாலக் பரோட்டா
Paratha - Aloo,Paratha - உருளைக்கிழங்கு
Paratha - Paneer,Paratha - பன்னீர்
Paratha - Plain,Paratha - ப்ளெய்ன்
Paratha- Methi,Paratha - வெந்தயக்கீரை
Paratha- Mint,Paratha - புதினா
Paratha- Mixed Veg,Paratha - கலவை காய்கறி
Paratha-Omam,Paratha - ஓமம்
Parruppu Nei,பருப்பு நெய்
Paruppu Nei (Toor Dal),பருப்பு நெய் (துவரம் பருப்பு)
Pasiparuppu Inippu Siyum,பாசிப்பருப்பு இனிப்பு சீயம்
Pasta - Fresh Cream Pasta,Pasta - புதிய கிரீம் பாஸ்தா
Pasta - Masala,Pasta - மசாலா
Pasta - Tomato Pasta,Pasta - தக்காளி பாஸ்தா
Pasta-White,Pasta - வெள்ளை
Pazha Payasam (Mudhal Naal),பழ பாயாசம் (முதல் நாள்)
Pickle - Frresh Mango Pickle,Pickle - புதிய மாங்காய் ஊறுகாய்
Pickle - Mango Thokku,Pickle - மாங்காய் தொக்கு
Pickle Box,ஊறுகாய் பெட்டி
Pickle-Garlic Pickle,Pickle - பூண்டு ஊறுகாய்
Pickle-Onion Thokku,Pickle - வெங்காயம் தொக்கு
Plain Chapathy,ப்ளெய்ன் சப்பாத்தி
Plate- Pakku Mara Plate,Plate - பாக்கு மர தட்டு
Plate-Sugarcane Plate,Plate - கரும்பு தட்டு
Podi - Andhra Paruppu Podi & Ghee,Podi - ஆந்திரா பருப்பு பொடி & நெய்
Podi - Ellu Podi,Podi - எள்ளு பொடி
Podi Mini Idly Tempering,பொடி மினி இட்லி தாளிப்பு
Podi Yennai,பொடி எண்ணெய்
Podi for Curry,பொடி க்கான கறி
Podi-Idly Podi,Podi - இட்லி பொடி
"Poha - Cucumber, Mango Poha","Poha - வெள்ளரிக்காய், மாங்காய் அவல்"
Poha - Poha,Poha - அவல்
Poha - Veg,Poha - காய்கறி
Pongal (WOG),பொங்கல் ((வெங்காயம் பூண்டு இல்லாமல்))
Pongal - Ainthu Arisi pongal,Pongal - ஐந்து அரிசி பொங்கல்
Pongal - Kuthiraivali Pongal,Pongal - குதிரைவாலி பொங்கல்
Pongal - Masala Pongal,Pongal - மசாலா பொங்கல்
Pongal - Rava Pongal,Pongal - ரவா பொங்கல்
Pongal - Thinai Pongal,Pongal - தினை பொங்கல்
Pongal - Veg. Rava Pongal,Pongal - Veg. ரவா பொங்கல்
Pongal - Vegetable Kuthiraivali Pongal,Pongal - காய்கறி குதிரைவாலி பொங்கல்
Pongal - Vegetable Pongal,Pongal - காய்கறி பொங்கல்
Pongal - kattuyanam,Pongal - காட்டுயானம்
Pongal-Company Pongal,Pongal - கம்பெனி பொங்கல்
Pongal-Pongal,Pongal - பொங்கல்
Poori - Ajwain Poori,Poori - ஓமம் பூரி
Poori - Palak Poori,Poori - பாலக் பூரி
Poori- Mint Poori,Poori - புதினா பூரி
Poori- Pumpkin Poori,Poori - பரங்கிக்காய் பூரி
Portion Meal Tray,மீல்ஸ் தட்டு
Puliyodharai Podi,புளியோதரை பொடி
Puttu - Chinna Cholam (Sugar),Puttu - சின்ன சோளம் (சர்க்கரை)
Puttu - Chinna Cholam Puttu,Puttu - சின்ன சோளம் புட்டு
Puttu - Kambu Puttu,Puttu - கம்பு புட்டு
Puttu - White Urad Dhal,Puttu - வெள்ளை உளுந்து பருப்பு
RICE KANJI,சாதம் கஞ்சி
Raita - Beetroot Raita,Raita - பீட்ரூட் ராய்த்தா
Raita - Company Thair Pacchadi,Raita - கம்பெனி தயிர் பச்சடி
Raita - Keerai,Raita - கீரை
Raita - Mixed Veg,Raita - கலவை காய்கறி
Raita - Onion Thayir Pachadi,Raita - வெங்காயம் தயிர் பச்சடி
Raita - Vendakaai Thayir Pachadi,Raita - வெண்டைக்காய் தயிர் பச்சடி
Raita- Boondhi Raita,Raita - பூந்தி ராய்த்தா
Raita-Boondhi Raita பூன்தி,Raita - பூந்தி ராய்த்தா பூன்தி
Rangoli Mini Idly Beetroot,ரங்கோலி மினி இட்லி பீட்ரூட்
Rangoli Mini Idly Green,ரங்கோலி மினி இட்லி பச்சை
Rangoli Mini Idly Palak,ரங்கோலி மினி இட்லி பாலக்
Rangoli Mini Idly Tomato,ரங்கோலி மினி இட்லி தக்காளி
Rasam - Beetroot Rasam,Rasam - பீட்ரூட் ரசம்
Rasam - Ginger Rasam,Rasam - இஞ்சி ரசம்
Rasam - Hara,Rasam - பச்சை
Rasam - Kalyana Veetu Rasam,Rasam - கல்யாண வீட்டு ரசம்
Rasam - Nellikaai,Rasam - நெல்லிக்காய்
Rasam - Ponnanganni Keerai Rasam,Rasam - பொன்னாங்கண்ணி கீரை ரசம்
Rasam - Poondu Rasam,Rasam - பூண்டு ரசம்
Rasam - Rasam,Rasam - ரசம்
Rasam- Elumichai Rasam,Rasam - எலுமிச்சை ரசம்
Rasam- Maangaai Rasam,Rasam - மாங்காய் ரசம்
Rasam- Malli Rasam,Rasam - மல்லி ரசம்
Rasam- Mulaikkattiya Kollu Rasam,Rasam - முளைகட்டிய கொள்ளு ரசம்
Rasam- Mysore Rasam,Rasam - மைசூர் ரசம்
Rasam- Omam Rasam,Rasam - ஓமம் ரசம்
Rasam- Pudina Rasam,Rasam - புதினா ரசம்
Rasam-Kollu Rasam,Rasam - கொள்ளு ரசம்
Rasam-Mangai RAsam Aravai,Rasam - மாங்காய் ரசம் அரைவை
Rasam-Mangai Rasam Thalip[pu,Rasam - மாங்காய் ரசம் Thalip[pu
Rasam-Mysore Rasam Podi,Rasam - மைசூர் ரசம் பொடி
Rasam-Pineapple Rasam,Rasam - அன்னாசி ரசம்
Rasamalai,ரசமலாய்
Rice - Online Ponni,Rice - ஆன்லைன் பொன்னி
Rice - Ponni Boiled Rice,Rice - பொன்னி வேகவைத்த சாதம்
S S Plate,எஸ்.எஸ் தட்டு
SW - PS - Laddu,SW - PS - லட்டு
SW -BS - Kavuni Arisi,SW -BS - கவுனி அரிசி
SW BS Kummayam,SW BS - கும்மாயம்
SW-BS - Kesari,SW-BS - கேசரி
SW-BS - Pineapple Kesari,SW-BS - அன்னாசி கேசரி
SW-BS - Pineapple Kesari (Prepared),SW-BS - அன்னாசி கேசரி (தயாரிக்கப்பட்டது)
SW-BS - Puttu Tempering,SW-BS - புட்டு தாளிப்பு
SW-BS Kummayam Mavu,SW - கும்மாயம் மாவு
SW-BS- Fruit Kesari,SW-BS - பழ கேசரி
SW-BS-Basundhi,SW-BS - பாசுந்தி
SW-BS-Fruit Custard,SW-BS - பழ கஸ்டர்ட்
SW-BS-Karuppatti Ukkarai,SW-BS - கருப்பட்டி உக்காரை
SW-BS-Kavuni Arisi 2,SW-BS - கவுனி அரிசி 2
SW-BS-Paal Kozhukattai,SW-BS - பால் கொழுக்கட்டை
SW-BS-Phirni,SW-BS - பிர்னி
SW-BS-Pineapple Kavuni Arisi,SW-BS - அன்னாசி கவுனி அரிசி
SW-BS-Ragi Puttu,SW-BS - கேழ்வரகு புட்டு
SW-BS-Sweet Sevai Keppai (Sugar),SW-BS - இனிப்பு சேவை கேப்பை (சர்க்கரை)
SW-BS-Sweet Sevai Thinai,SW-BS - இனிப்பு சேவை தினை
SW-BS-Sweet Sevai Varagu,SW-BS - இனிப்பு சேவை வரகு
SW-BS-Sweet Sevai Wheat,SW-BS - இனிப்பு சேவை கோதுமை
SW-BS-Sweet Sevau Keppai,SW-BS - இனிப்பு சேவை கேப்பை
SW-BS-VELLAI KAVUNI ARISI,SW-BS - வெள்ளை கவுனி அரிசி
SW-BS-Wheat Halwa,SW-BS - கோதுமை அல்வா
SW-PS - KAAJU KATHLI,SW-PS - முந்திரி கத்லி
SW-PS - Kaju Kathli,SW-PS - முந்திரி கத்லி
SW-PS - Rasmalai,SW-PS - ரசமலாய்
SW-PS- Coconut Burfi,SW-PS - தேங்காய் பர்பி
SW-PS- Paal Paniyaaram,SW-PS - பால் பணியாரம்
SW-PS- Paal Paniyaram ONLY,SW-PS - பால் பணியாரம் மட்டும்
SW-PS-Dry Fruit Laddu,SW-PS - உலர் பழ லட்டு
SW-PS-Karupatti Kaaju Kathli,SW-PS - கருப்பட்டி முந்திரி கத்லி
SW-PS-LADDU NEW,SW-PS - லட்டு புதிய
SW-PS-MINI JAMUN,SW-PS - மினி ஜாமூன்
SW-PS-Order Gulaub Jamun,SW-PS - ஆர்டர் குலாப் ஜாமூன்
SW-PS-Paal Paniyaara Badam paal,SW-PS - பால் பணியார பாதாம் பால்
SW-PS-Paal Paniyaaram Mavu,SW-PS - பால் பணியாரம் மாவு
SW-PS-Raagi Laddu,SW-PS - கேழ்வரகு லட்டு
SW-PS-Shahi Tukda,SW-PS - ஷாஹி துண்டுகள்
SW-PS-Shahi Tukda Rabri,SW-PS - ஷாஹி துண்டுகள் ரப்ரி
Salad - Kosambari,Salad - கோசம்பரி
Salad - Masala Sweet Corn Salad,Salad - மசாலா இனிப்பு கார்ன் சாலட்
Salad - Sweet Corn Salad,Salad - இனிப்பு கார்ன் சாலட்
Salad-Green Salad,Salad - பச்சை சாலட்
Sambar - Avarakkai Sambar,Sambar - அவரைக்காய் சாம்பார்
Sambar - Beans Sambar,Sambar - பீன்ஸ் சாம்பார்
Sambar - Carrot,Sambar - கேரட்
Sambar - Kalyana Sambar Mixed Veg,Sambar - கல்யாண சாம்பார் கலவை காய்கறி
Sambar - Kalyana Sambar Thalippu,Sambar - கல்யாண சாம்பார் தாளிப்பு
Sambar - Kalyanan Sambar Aravai,Sambar - கல்யாண சாம்பார் அரைவை
Sambar - Mullangi Sambar,Sambar - முள்ளங்கி சாம்பார்
"Sambar - Murungaikaai, Kudamilagaai","Sambar - முருங்கைக்காய், குடைமிளகாய்"
Sambar- Andhra Sambar,Sambar - ஆந்திரா சாம்பார்
Sambar- Andhra Sambar Aravai,Sambar - ஆந்திரா சாம்பார் அரைவை
Sambar- Katharikkai sambar,Sambar - கத்தரிக்காய் சாம்பார்
"Sambar- Kathirikai,Murungaikai Sambar","Sambar - கத்தரிக்காய்,முருங்கைக்காய் சாம்பார்"
Sambar- Kudaimilagai Sambar,Sambar - குடைமிளகாய் சாம்பார்
Sambar- Poosani Sambar,Sambar - பூசணி சாம்பார்
Sambar- Vendaikai Sambar,Sambar - வெண்டைக்காய் சாம்பார்
"Sambar-Carrot, Murungai Sambar","Sambar - கேரட், முருங்கை சாம்பார்"
Sambar-Chow Chow Sambar,Sambar - சௌசௌ சௌசௌ சாம்பார்
Sambar-Kalyana Sambar Pala Kai,Sambar - கல்யாண சாம்பார் பலா காய்
Sambar-Kalyana Sambar Poosani,Sambar - கல்யாண சாம்பார் பூசணி
"Sambar-Katharikkai,Poosani Sambar","Sambar - கத்தரிக்காய்,பூசணி சாம்பார்"
Sambar-Mulai Keera Sambar Aravai,Sambar - முளை கீரை சாம்பார் அரைவை
Sambar-Mulai Keerai Sambar,Sambar - முளை கீரை சாம்பார்
Sambar-Murungai kai Sambar,Sambar - முருங்கை காய் சாம்பார்
Sambar-Pala kaai Sambar(No Kathiri),Sambar - பலா காய் சாம்பார்(வெங்காயம் இல்லாத கத்தரிக்காய்)
Sambar-Pappu Charu,Sambar - பருப்பு சாறு
Sambar-Pappu Charu Thalippu,Sambar - பருப்பு சாறு தாளிப்பு
Sambar-Suraikkai Sambar,Sambar - சுரைக்காய் சாம்பார்
Sambar-Vazhaithandu Sambar,Sambar - வாழைத்தண்டு சாம்பார்
Sauce - Schezwan,Sauce - செஸ்வான்
Sauce - Sweet Chilly Sauce,Sauce - இனிப்பு மிளகாய் சாஸ்
Sauce Packet,சாஸ் பாக்கெட்
Sauce-Tomato Sauce,Sauce - தக்காளி சாஸ்
Service Accessories,பரிமாறும் உபகரணங்கள்
Service Vessels,பரிமாறும் பாத்திரங்கள்
Serving Persons,பரிமாறும் நபர்கள்
Snack - Boondhi Mixture,Snack - பூந்தி மிக்சர்
Snack - Mixture,Snack - மிக்சர்
Snack-Ribbon Pakoda,Snack - ரிப்பன் பக்கோடா
Snacks - Pori Kadalai,Snacks - பொரி கடலை
Snacks-Thattai,Snacks - தட்டை
Soup - Broccoli Soup,Soup - ப்ரோக்கோலி சூப்
Soup - Cauliflower Soup,Soup - காளிஃபிளவர் சூப்
Soup - Cream of Tomato,Soup - கிரீம் தக்காளி
Soup - Kaai Soup,Soup - காய் சூப்
Soup - Millet Hot and Sour,Soup - சிறுதானியம் சூடான & புளிப்பு
Soup - Minstrone,Soup - மினிஸ்ட்ரோன்
Soup - Ragi,Soup - கேழ்வரகு
Soup - Stock Water,Soup - ஸ்டாக் தண்ணீர்
Soup- Babycorn Chettinad Soup,Soup - பேபி கார்ன் செட்டிநாடு சூப்
Soup- Chettinad Soup Base,Soup - செட்டிநாடு சூப் பேஸ்
Soup- Chettinad Tomato Soup,Soup - செட்டிநாடு தக்காளி சூப்
Soup- Cream Of Vegetable Soup,Soup - கிரீம் காய்கறி சூப்
Soup-Sweet Corn Soup,Soup - இனிப்பு கார்ன் சூப்
Sowcarpet Sweet,சௌகார்பேட்டை இனிப்பு
Spoon,ஸ்பூன்
Sprouts to Soak,முளைகட்டிய பயறு ஊறவைக்க
Staff  இட்லி,Staff - இட்லி
Staff Chutney,Staff - சட்னி
Staff Dosai,Staff - தோசை
Staff Idly,Staff - இட்லி
Staff Kuzhambu,Staff - குழம்பு
Staff Old Mini Idly,Staff - பழைய மினி இட்லி
Staff Tiffin Sambar,Staff - டிபன் சாம்பார்
Staffs Tea,Staffs - தேநீர்
Starter - Baby Corn Pepper Fry,Starter - பேபி கார்ன் மிளகு வறுவல்
Starter - Babycorn Pepper Fry Maavu,Starter - பேபி கார்ன் மிளகு வறுவல் மாவு
Starter - Cauliflower Fry,Starter - காளிஃபிளவர் வறுவல்
Starter - Cheesy Corn Nuggets,Starter - சீஸி கார்ன் நக்கெட்ஸ்
Starter - Chesse Corn Nuggets,Starter - சீஸ் கார்ன் நக்கெட்ஸ்
Starter - Chilly Babycorn,Starter - மிளகாய் பேபி கார்ன்
Starter - Gobi Pepper Fry,Starter - கோபி மிளகு வறுவல்
Starter - Honey Chill Potato,Starter - தேன் குளிர்ந்த உருளைக்கிழங்கு
Starter - Kung Pao Veg Balls,Starter - குங் பாவ் காய்கறி உருண்டை
Starter - Kung Pao Veg Balls Gravy,Starter - குங் பாவ் காய்கறி உருண்டை கிரேவி
Starter - Paneer 65,Starter - பன்னீர் 65
Starter - Paneer Fingers,Starter - பன்னீர் பிங்கர்ஸ்
Starter - Paneer Koftha,Starter - பன்னீர் கோஃப்தா
"Starter - Paneer, Peas Koftha","Starter - பன்னீர், பட்டாணி கோஃப்தா"
"Starter - Paneer, Sweet Corn Koftha","Starter - பன்னீர், இனிப்பு கார்ன் கோஃப்தா"
Starter- Cauliflower Fry Batter,Starter - காளிஃபிளவர் வறுவல் மாவு
Starter-Finger Vada,Starter - பிங்கர் வடை
Starter-Paneer Pockets,Starter - பன்னீர் பாக்கெட்டுகள்
Starter-Paneer Pockets Coating,Starter - பன்னீர் பாக்கெட்டுகள் கோட்டிங்
Subji - Aloo Palak,Subji - உருளைக்கிழங்கு பாலக்
Subji - Aloo Subji,Subji - உருளைக்கிழங்கு சப்ஜி
"Subji - Aloo, Gobi","Subji - உருளைக்கிழங்கு, கோபி"
"Subji - Aloo, Gobi Masala","Subji - உருளைக்கிழங்கு, கோபி மசாலா"
"Subji - Aloo, Methi Malai","Subji - உருளைக்கிழங்கு, வெந்தயக்கீரை மலாய்"
Subji - Baingan Ka Salan,Subji - கத்தரிக்காய் சலான்
Subji - Baingan Ka Salan Tempering,Subji - கத்தரிக்காய் சலான் தாளிப்பு
Subji - Biriyani Brinjal,Subji - பிரியாணி கத்தரிக்காய்
Subji - Chalna,Subji - சால்னா
Subji - Chalna Aravai,Subji - சால்னா அரைவை
Subji - Channa Usal Aravai,Subji - சென்னா உசால் அரைவை
Subji - Channa usal,Subji - சென்னா உசால்
Subji - Corn Palak,Subji - கார்ன் பாலக்
"Subji - Corn, Methi Malai","Subji - கார்ன், வெந்தயக்கீரை மலாய்"
Subji - Dahi Pyaaz Tikhari,Subji - தயிர் வெங்காயம் திக்காரி
Subji - Dahi Pyaaz Tikhari Aravai,Subji - தயிர் வெங்காயம் திக்காரி அரைவை
Subji - Dahi Shimla Mirch,Subji - தயிர் சிம்லா மிளகாய்
Subji - Diwani Handi,Subji - திவானி ஹான்டி
Subji - Do Pyaza Bindi,Subji - தோ பியாசா வெண்டைக்காய்
Subji - Do Pyaza Gravy,Subji - தோ பியாசா கிரேவி
Subji - Do Pyaza Veg,Subji - தோ பியாசா காய்கறி
Subji - Greengram Kadaiyal,Subji - பாசிப்பயறு கடையல்
Subji - Greengram Kadaiyal Aravai,Subji - பாசிப்பயறு கடையல் அரைவை
Subji - Greengram Kadaiyal Tempering,Subji - பாசிப்பயறு கடையல் தாளிப்பு
Subji - Kadai Veg,Subji - கடாய் காய்கறி
Subji - Kadai Veg. Gravy Aravai,Subji - கடாய் Veg. கிரேவி அரைவை
Subji - Kumbakona Kadappa Tempering,Subji - கும்பகோணம் கடப்பா தாளிப்பு
Subji - Lauki,Subji - சுரைக்காய்
Subji - Madras Veg Curry,Subji - மெட்ராஸ் காய்கறி கறி
Subji - Madras Veg Curry Thalippu,Subji - மெட்ராஸ் காய்கறி கறி தாளிப்பு
Subji - Malai Kofha Balls,Subji - மலாய் கோஃப்தா உருண்டை
Subji - Malai Koftha Gravy,Subji - மலாய் கோஃப்தா கிரேவி
Subji - Methi Dal Subji,Subji - வெந்தயக்கீரை பருப்பு சப்ஜி
Subji - Methi Malai Gravy,Subji - வெந்தயக்கீரை மலாய் கிரேவி
Subji - Methi Malai Mutter,Subji - வெந்தயக்கீரை மலாய் பட்டாணி
Subji - Methi Malai Mutter Paneer,Subji - வெந்தயக்கீரை மலாய் பட்டாணி பன்னீர்
Subji - Mushroom Butter Masala,Subji - காளான் வெண்ணெய் மசாலா
Subji - Mushroom Gravy,Subji - காளான் கிரேவி
Subji - Online Kadai Veg,Subji - ஆன்லைன் கடாய் காய்கறி
Subji - Palak Gravy,Subji - பாலக் கிரேவி
Subji - Palak Paneer,Subji - பாலக் பன்னீர்
Subji - Paneer Butter Masala Aravai,Subji - பன்னீர் வெண்ணெய் மசாலா அரைவை
"Subji - Paneer, Capsicum Gravy","Subji - பன்னீர், குடைமிளகாய் கிரேவி"
Subji - Panner Butter Masala,Subji - பன்னீர் வெண்ணெய் மசாலா
Subji - Pattani Masala,Subji - பட்டாணி மசாலா
Subji - Pindi Chole,Subji - பிண்டி சோலே
Subji - Pindi Chole Gravy,Subji - பிண்டி சோலே கிரேவி
Subji - Pindi Rajma,Subji - பிண்டி ராஜ்மா
Subji - Potato Stew,Subji - உருளைக்கிழங்கு ஸ்டூ
Subji - Soya Bhurtha,Subji - சோயா பர்த்தா
Subji - Soya Kheema,Subji - சோயா கீமா
Subji - Subz Panchamel,Subji - சப்ஜி பஞ்சமேல்
Subji - Veg Kolhapuri,Subji - காய்கறி கோலாப்பூரி
Subji - Veg Kolhapuri Aravai,Subji - காய்கறி கோலாப்பூரி அரைவை
Subji - Veg Tikka Masala Gravy,Subji - காய்கறி டிக்கா மசாலா கிரேவி
Subji - Veg Tikka Masala Veg,Subji - காய்கறி டிக்கா மசாலா காய்கறி
"Subji- Onion,Tomato Thokku","Subji - வெங்காயம்,தக்காளி தொக்கு"
Subji- Pancharatna Gravy Aravai,Subji - பஞ்சரத்னா கிரேவி அரைவை
"Subji-Aloo,Capsicum curry","Subji - உருளைக்கிழங்கு,குடைமிளகாய் கறி"
Subji-Baingan Burtha,Subji - கத்தரிக்காய் பர்த்தா
Subji-Black Eyed Beans in Gravy,Subji - கருப்பு காராமணி பீன்ஸ் இல் கிரேவி
"Subji-Capsicum,Peanut Curry","Subji - குடைமிளகாய்,வேர்க்கடலை கறி"
Subji-Channa Masala Basic Gravy,Subji - சென்னா மசாலா அடிப்படை கிரேவி
Subji-Channa masala,Subji - சென்னா மசாலா
"Subji-Corn, capsicum Curry","Subji - கார்ன், குடைமிளகாய் கறி"
Subji-Kadai Paneer,Subji - கடாய் பன்னீர்
Subji-Pancharathna Gravy,Subji - பஞ்சரத்னா கிரேவி
Subji-Poori Masala,Subji - பூரி மசாலா
Subji-Poori Masala Seasoning,Subji - பூரி மசாலா தாளிப்பு
Subji-Salna,Subji - சால்னா
Subji-Salna Aravai,Subji - சால்னா அரைவை
Sugarcane Plate 8 inch,கரும்பு தட்டு 8 இன்ச்
Sundal - Beach Nilakadalai,Sundal - பீச் நிலக்கடலை
Sundal - Mixed Sundal,Sundal - கலவை சுண்டல்
Sundal - Pasipayaru Sundal,Sundal - பாசிப்பயறு சுண்டல்
Sundal - Pattani Sundal,Sundal - பட்டாணி சுண்டல்
Sundal - Vellai Karamani Sundal,Sundal - வெள்ளை காராமணி சுண்டல்
Sundal- White Channa Sundal,Sundal - வெள்ளை சென்னா சுண்டல்
Sundal-Black Channa Sundal,Sundal - கருப்பு சென்னா சுண்டல்
Sundal-Black Channa Sundal(New),Sundal - கருப்பு சென்னா சுண்டல்(புதிய)
Sundal-Kadalai Paruppu,Sundal - கடலை பருப்பு
Sundal-Karamani Sweet Sundal,Sundal - காராமணி இனிப்பு சுண்டல்
Sundal-Lobia Sundal,Sundal - காராமணி சுண்டல்
Sundal-Nilakadalai Sundal,Sundal - நிலக்கடலை சுண்டல்
"Sundal-Pattani, Mango Sundal","Sundal - பட்டாணி, மாங்காய் சுண்டல்"
Sundal-Sprouts Sundal,Sundal - முளைகட்டிய பயறு சுண்டல்
"Sundal-W.Channa,Mango Sundal","Sundal - W.Channa,மாங்காய் சுண்டல்"
Sw-BS-Ukkarai,Sw-BS - உக்காரை
Sweet Idiyappam,இனிப்பு இடியாப்பம்
Tanishq Channa Masala (Snack),தனிஷ்க் சென்னா மசாலா (சிற்றுண்டி)
Tanishq Pattani Masala,தனிஷ்க் பட்டாணி மசாலா
Tanishq Wheat Rava Upma,தனிஷ்க் கோதுமை ரவா உப்புமா
Tea Early,தேநீர் காலை
"Thennanguruthu,Pattani Thuvattal","தென்னங்குருத்து,பட்டாணி துவட்டல்"
Thokku - Keerai Thokku,Thokku - கீரை தொக்கு
Thokku - Keerai Thokku Thalippu,Thokku - கீரை தொக்கு தாளிப்பு
Thokku - Palak Keerai Thokku,Thokku - பாலக் கீரை தொக்கு
Thokku - Tomato,Thokku - தக்காளி
Thuvaiyal - Chammandhi,Thuvaiyal - சம்மந்தி
Thuvayal - Black Channa Thuvayal,Thuvayal - கருப்பு சென்னா துவையல்
Thuvayal - Coconut,Thuvayal - தேங்காய்
"Thuvayal - Coconut, Mango","Thuvayal - தேங்காய், மாங்காய்"
Thuvayal - Kollu Thuvayal,Thuvayal - கொள்ளு துவையல்
Thuvayal - Malli,Thuvayal - மல்லி
Thuvayal - Peerkangaai,Thuvayal - பீர்க்கங்காய்
Thuvayal - Pudhina,Thuvayal - புதினா
Thuvayal - Snakegourd,Thuvayal - புடலங்காய்
Thuvayal - Thuvaramparuppu,Thuvayal - துவரம்பருப்பு
Thuvayal - Vendikaai,Thuvayal - வெண்டைக்காய்
Tiffen - Iyer Sambar Aravai,Tiffen - ஐயர் சாம்பார் அரைவை
Tiffen - Kumbakona Kadappa,Tiffen - கும்பகோணம் கடப்பா
Tiffen - Kumbakona Kadappa Aravai,Tiffen - கும்பகோணம் கடப்பா அரைவை
Tiffen Sambar Tempering,டிபன் சாம்பார் தாளிப்பு
Tiffin - Alleppey Thalippu,Tiffin - ஆலப்புழா தாளிப்பு
Tiffin - Alleppey Vegetable Curry,Tiffin - ஆலப்புழா காய்கறி கறி
Tiffin - Iyer Sambar,Tiffin - ஐயர் சாம்பார்
Tiffin - Kosmalli,Tiffin - கோஸ்மல்லி
Tiffin - Vadacurry,Tiffin - வடைகறி
Tiffin - Vadacurry Thalippu,Tiffin - வடைகறி தாளிப்பு
Tiffin - Vadacurry Vadai,Tiffin - வடைகறி வடை
Tiffin - Veg Sothi,Tiffin - காய்கறி சொதி
Tiffin-Adai Aviyal,Tiffin - அடை அவியல்
Tiffin-Carror Sambar,Tiffin - கேரட் சாம்பார்
Tiffin-Coconut Milk,Tiffin - தேங்காய் பால்
Tiffin-Coconut Milk (Nattu Sarkarai),Tiffin - தேங்காய் பால் (நாட்டு சர்க்கரை)
Tiffin-Kalla Veettu Avial Aravai,Tiffin - கடலை வீட்டு அவியல் அரைவை
Tiffin-Kalla Veettu Aviyal,Tiffin - கடலை வீட்டு அவியல்
Tiffin-Kudaimilagai Sambar,Tiffin - குடைமிளகாய் சாம்பார்
Tiffin-No Sugar Coconut Milk,Tiffin - வெங்காயம் இல்லாத சர்க்கரை தேங்காய் பால்
Tiffin-Paruppu Pachhadi,Tiffin - பருப்பு பச்சடி
Tiffin-Pasi Paruppu Pachadi,Tiffin - பாசி பருப்பு பச்சடி
Tiffin-Vengaya Kos( coconut),Tiffin - வெங்காய கோஸ்( தேங்காய்)
Tomato Gravy,தக்காளி கிரேவி
Tomato Juice,தக்காளி ஜூஸ்
Transport,போக்குவரத்து
Tricolor Idiyappam,மூவர்ண இடியாப்பம்
Tricolor Idiyappam Green,மூவர்ண இடியாப்பம் பச்சை
Tricolor Idiyappam Red,மூவர்ண இடியாப்பம் சிவப்பு
Tricolor Idiyappam White,மூவர்ண இடியாப்பம் வெள்ளை
UPMA - ARISI PARUPPU,UPMA - அரிசி பருப்பு
Upma - Arisi Upma Flour,Upma - அரிசி உப்புமா மாவு
Upma - Corn Rava Upma,Upma - கார்ன் ரவா உப்புமா
Upma - Idly,Upma - இட்லி
Upma - Kambu Upma,Upma - கம்பு உப்புமா
Upma - Rava Kuska,Upma - ரவா குஸ்கா
Upma - Rava Upma,Upma - ரவா உப்புமா
Upma- Arisi Upma,Upma - அரிசி உப்புமா
Upma- Kuthiravali Upma,Upma - குதிரைவாலி உப்புமா
Upma- Veg.Rava Upma,Upma - Veg.Rava உப்புமா
Upma-Chola Rava Upma,Upma - சோள ரவா உப்புமா
Upma-Dalia Veg Upma,Upma - உடைந்த கோதுமை காய்கறி உப்புமா
Upma-Kattuyanam Upma,Upma - காட்டுயானம் உப்புமா
Upma-Navara Upma,Upma - நவரா உப்புமா
Upma-Wheat rava Upma,Upma - கோதுமை ரவா உப்புமா
"Urulai,Carrot,Cauliflower,Dry Butter Beans Perattal","உருளைக்கிழங்கு,கேரட்,காளிஃபிளவர்,உலர் வெண்ணெய் பீன்ஸ் பிரட்டல்"
Usili - Avarakkai Usili,Usili - அவரைக்காய் உசிலி
Usili - BajjiMilagaai,Usili - பஜ்ஜி மிளகாய்
Usili - Kothavarangai Usil,Usili - கொத்தவரங்காய் உசிலி
Usili - Mixed Veg Usili,Usili - கலவை காய்கறி உசிலி
Usili - Muttaikos Usili,Usili - முட்டைக்கோஸ் உசிலி
Usili - Vendakaai,Usili - வெண்டைக்காய்
Usili- Beans Usili,Usili - பீன்ஸ் உசிலி
Usili- Beetroot Usili Aravai,Usili - பீட்ரூட் உசிலி அரைவை
Usili- Kothavarangai Usili Aravai,Usili - கொத்தவரங்காய் உசிலி அரைவை
Usili- Snake Gourd Uslil,Usili - புடலங்காய் சுரைக்காய் உசிலி
Usili-Beans Usili Aravai,Usili - பீன்ஸ் உசிலி அரைவை
Usili-Beetroot Usili,Usili - பீட்ரூட் உசிலி
Usili-Vazhaipoo Usili,Usili - வாழைப்பூ உசிலி
Usili-Vazhaipoo Usili Aravai,Usili - வாழைப்பூ உசிலி அரைவை
"VP - Avarai, Sakkaraivalli Poriyal","VP - அவரை, சர்க்கரைவள்ளி பொரியல்"
VP - Beans Palya,VP - பீன்ஸ் பல்யா
VP - Beans Palya Aravai,VP - பீன்ஸ் பல்யா அரைவை
VP - Beans Poriyal (New),VP - பீன்ஸ் பொரியல் (புதிய)
VP - Beetroot Poriyal,VP - பீட்ரூட் பொரியல்
VP - Broccoli Stir Fry,VP - ப்ரோக்கோலி வறுத்த வறுவல்
"VP - Cabbage, carrot , Beans  Poriyal","VP - முட்டைக்கோஸ், கேரட் , பீன்ஸ் பொரியல்"
"VP - Cabbage,Beans Poriyal","VP - முட்டைக்கோஸ்,பீன்ஸ் பொரியல்"
"VP - Cabbage,Carrot, Peas Poriyal","VP - முட்டைக்கோஸ்,கேரட், பட்டாணி பொரியல்"
"VP - Cabbage,Carrot,Fresh Peas Poriyal","VP - முட்டைக்கோஸ்,கேரட்,புதிய பட்டாணி பொரியல்"
"VP - Cabbage,Carrot,Sc Poriyal","VP - முட்டைக்கோஸ்,கேரட், பொரியல்"
"VP - Cabbage,Fresh Peas Poriyal","VP - முட்டைக்கோஸ்,புதிய பட்டாணி பொரியல்"
"VP - Carrot ,Panner, green peas Poriyal","VP - கேரட் ,பன்னீர், பச்சை பட்டாணி பொரியல்"
VP - Carrot Channa Poriyal,VP - கேரட் சென்னா பொரியல்
VP - Carrot Fresh Peas Poriyal,VP - கேரட் புதிய பட்டாணி பொரியல்
"VP - Carrot, Beans Poriyal","VP - கேரட், பீன்ஸ் பொரியல்"
"VP - Carrot, Corn,Peas Poriyal","VP - கேரட், கார்ன்,பட்டாணி பொரியல்"
"VP - Carrot,Mulaikattiya Pasi Payaru Thuvatal","VP - கேரட்,முளைகட்டிய பாசி பயறு துவட்டல்"
VP - Kos Thuvattal,VP - கோஸ் துவட்டல்
"VP - Paneer, Peas Poriyal","VP - பன்னீர், பட்டாணி பொரியல்"
"VP - Paneer, Sprouts Poriyal","VP - பன்னீர், முளைகட்டிய பயறு பொரியல்"
"VP - Panner,Green Peas Thuvatal","VP - பன்னீர்,பச்சை பட்டாணி துவட்டல்"
VP - Pumpkin Poriyal,VP - பரங்கிக்காய் பொரியல்
VP - Raw banana Palya,VP - பச்சை வாழைப்பழம் பல்யா
VP - Thatta Payithankai,VP - தட்டை பயத்தங்காய்
VP - Tricolor Poriyal,VP - மூவர்ண பொரியல்
VP - Tricolor Poriyal-2,VP - மூவர்ண பொரியல்-2
VP - Vazhaikaai Podimas,VP - வாழைக்காய் பொடிமாஸ்
VP - Vendaikaai Pepper Stri Fry,VP - வெண்டைக்காய் மிளகு வறுவல்
VP- Beans Poriyal,VP - பீன்ஸ் பொரியல்
"VP- Beens,Paneer Poriyal","VP - பீன்ஸ்,பன்னீர் பொரியல்"
"VP- Kos,Carrot Poriyal","VP - கோஸ்,கேரட் பொரியல்"
VP-Beans Poriyal Aravai,VP - பீன்ஸ் பொரியல் அரைவை
VP-Carrot Poriyal,VP - கேரட் பொரியல்
VP-Keerai Poriyal,VP - கீரை பொரியல்
VP-Keerai Poriyal Thalippu,VP - கீரை பொரியல் தாளிப்பு
"VP-Paneer,Broccoli,Green Peas Thuvattal","VP - பன்னீர்,ப்ரோக்கோலி,பச்சை பட்டாணி துவட்டல்"
VP-Vazhakkai Vellai Poriyal,VP - வாழைக்காய் வெள்ளை பொரியல்
VPC - Carrot Channa Poriyal,VPC - கேரட் சென்னா பொரியல்
VPD - Carrot Moong Dhall Poriyal,VPD - கேரட் பாசி பருப்பு பொரியல்
VPD - Carrot Toor Dhall Poriyal,VPD - கேரட் துவரம் பருப்பு பொரியல்
"VPD - Mullangi, Pasiparuppu Poriyal","VPD - முள்ளங்கி, பாசிப்பருப்பு பொரியல்"
"VPD - Mullangi, Toor Dal Poriyal","VPD - முள்ளங்கி, துவரம் பருப்பு பொரியல்"
"VPD - Pudalangaai, Paruppu Poriyal","VPD - புடலங்காய், பருப்பு பொரியல்"
VPD- Cabbage Moong Dal Poriyal,VPD - முட்டைக்கோஸ் பாசி பருப்பு பொரியல்
VPD- Vazhaithandu Poriyal,VPD - வாழைத்தண்டு பொரியல்
"VPD-Beans,Moongdal Poriyal","VPD - பீன்ஸ்,பாசிப்பருப்பு பொரியல்"
"VPD-Beans,Toor Dal Poriyal","VPD - பீன்ஸ்,துவரம் பருப்பு பொரியல்"
VPD-Cabbage Channa Dal Poriyal,VPD - முட்டைக்கோஸ் சென்னா பருப்பு பொரியல்
VPD-Cabbage Sprouts Poriyal,VPD - முட்டைக்கோஸ் முளைகட்டிய பயறு பொரியல்
VPD-Cabbage Toor Dal Poriyal,VPD - முட்டைக்கோஸ் துவரம் பருப்பு பொரியல்
VR - Akkaara Adisal,VR - அக்கார அடிசில்
VR - Aloo Aur Tamater Ka Pulao,VR - உருளைக்கிழங்கு & தக்காளி புலாவ்
VR - Channa Pulao,VR - சென்னா புலாவ்
VR - Coconut Rice,VR - தேங்காய் சாதம்
VR - Curd Rice,VR - தயிர் சாதம்
VR - Curd Rice Curd,VR - தயிர் சாதம் தயிர்
VR - Curryleaves Rice,VR - கருவேப்பிலை சாதம்
VR - Kuthiraiwali Curd Rice,VR - குதிரைவாலி தயிர் சாதம்
VR - Kuthiraiwali Sambar Rice,VR - குதிரைவாலி சாம்பார் சாதம்
VR - Kuthiraiwali Sambar Rice Aravai,VR - குதிரைவாலி சாம்பார் சாதம் அரைவை
VR - Kuthiraiwali Sambar Rice Thalippu,VR - குதிரைவாலி சாம்பார் சாதம் தாளிப்பு
VR - Kuthiravali Veg Pulao,VR - குதிரைவாலி காய்கறி புலாவ்
VR - Malli Rice,VR - மல்லி சாதம்
VR - Mango Rice,VR - மாங்காய் சாதம்
VR - Mushroom Fried Rice,VR - காளான் வறுத்த சாதம்
VR - P,VR - P
VR - Paneer Fried Rice,VR - பன்னீர் வறுத்த சாதம்
VR - Rasam Sadam,VR - ரசம் சாதம்
VR - Sambar Rice,VR - சாம்பார் சாதம்
VR - Sambarsatham Aravai,VR - சாம்பார் சாதம் அரைவை
VR - Sambarsatham Mix Veg,VR - சாம்பார் சாதம் கலவை காய்கறி
VR - Sarkarai Sadham,VR - சர்க்கரை சாதம்
VR - Semia Bagalabath,VR - சேமியா பாகலாபாத்
VR - Semiya Baghalabad,VR - சேமியா பாகலாபாத்
VR - Spring Onion Crumbled Paneer Fried Rice,VR - ஸ்பிரிங் வெங்காயம் உதிர்த்த பன்னீர் வறுத்த சாதம்
VR - Sweet Corn Pulao,VR - இனிப்பு கார்ன் புலாவ்
VR - Tomato Biriyani,VR - தக்காளி பிரியாணி
VR - Tomato Biriyani Paste,VR - தக்காளி பிரியாணி பேஸ்ட்
VR - Tomato Rice,VR - தக்காளி சாதம்
VR - Varagu Curd Rice,VR - வரகு தயிர் சாதம்
VR - Veg Briyani,VR - காய்கறி பிரியாணி
VR - Veg Briyani ( Basmathi),VR - காய்கறி பிரியாணி ( பாசுமதி)
VR - Veg Briyani (Seeraga Samba),VR - காய்கறி பிரியாணி (சீரக சம்பா)
VR - Veg Pulao,VR - காய்கறி புலாவ்
VR Karkandu Rice,VR - கற்கண்டு சாதம்
VR- Fried Rice,VR - வறுத்த சாதம்
VR- Malli Rice Aravai,VR - மல்லி சாதம் அரைவை
VR- Paneer Peas Pulao,VR - பன்னீர் பட்டாணி புலாவ்
VR- Peas Pulao,VR - பட்டாணி புலாவ்
VR- Sambar Rice Mix Veg,VR - சாம்பார் சாதம் கலவை காய்கறி
VR- Thinai Akkara Adisil,VR - தினை அக்கார அடிசில்
"VR-Arisi, Paruppu Sadham","VR - அரிசி, பருப்பு சாதம்"
VR-Carrot Rice,VR - கேரட் சாதம்
VR-Curd Rice (Pomegranate),VR - தயிர் சாதம் (மாதுளை)
VR-Ellu Podi Rice,VR - எள்ளு பொடி சாதம்
VR-Ellu Podi Rice Tempering,VR - எள்ளு பொடி சாதம் தாளிப்பு
VR-Ghee Rice,VR - நெய் சாதம்
VR-Hyd. Dhum Briyani,VR - Hyd. தம் பிரியாணி
VR-MEALMAKER BIR IYANI ARAVAI (NO OG),VR - மீல்மேக்கர் பிரியாணி அயனி அரைவை (வெங்காயம் இல்லாத வெங்காயம் பூண்டு)
VR-MEALMAKER BIRIYANI (NO OG),VR - மீல்மேக்கர் பிரியாணி (வெங்காயம் இல்லாத வெங்காயம் பூண்டு)
VR-Meal Maker Biriyani (Pacharisi),VR - உணவு மேக்கர் பிரியாணி (பச்சரிசி)
VR-Meal Maker Biriyani(Basmati),VR - உணவு மேக்கர் பிரியாணி(பாசுமதி)
VR-Mealmaker Biriyani Aravai,VR - மீல்மேக்கர் பிரியாணி அரைவை
VR-Methi Pulao,VR - வெந்தயக்கீரை புலாவ்
VR-Mushroom Biriyani,VR - காளான் பிரியாணி
VR-Mushroom Biriyani Aravai,VR - காளான் பிரியாணி அரைவை
VR-Navadhanya Pulao,VR - நவதானிய புலாவ்
VR-Paneer Briyani,VR - பன்னீர் பிரியாணி
VR-Paneer Tawa Fried Rice,VR - பன்னீர் தவா வறுத்த சாதம்
VR-Puliyotharai,VR - புளியோதரை
VR-SCHEZWAN FRIED RICE,VR - செஸ்வான் வறுத்த சாதம்
VR-SCHEZWAN PANEER FRIED RICE,VR - செஸ்வான் பன்னீர் வறுத்த சாதம்
VR-Sambar Rice Tempering,VR - சாம்பார் சாதம் தாளிப்பு
VR-Sambar Rice(No Onion),VR - சாம்பார் சாதம்(வெங்காயம் இல்லாத வெங்காயம்)
VR-Tomato Baath,VR - தக்காளி பாத்
VR-Tomato Baath Aravai,VR - தக்காளி பாத் அரைவை
VR-Veg Biriyani (No Onion),VR - காய்கறி பிரியாணி (வெங்காயம் இல்லாத வெங்காயம்)
VR-Veg Pulao(Pacharisi),VR - காய்கறி புலாவ்(பச்சரிசி)
VR-Weight Loss Biriyani,VR - எடை குறைப்பு பிரியாணி
VR-Weightloss Biriyani,VR - எடை குறைப்பு பிரியாணி
Vada - Beetroot Vadai,Vada - பீட்ரூட் வடை
Vada - Cabbage Vada,Vada - முட்டைக்கோஸ் வடை
Vada - Carrot Vada,Vada - கேரட் வடை
Vada - Karthikai Vada,Vada - கார்த்திகை வடை
Vada - Keerai Vada,Vada - கீரை வடை
Vada - Masal Vadai,Vada - மசால் வடை
Vada - Medium Vada,Vada - மீடியம் வடை
Vada - Mixed Veg Vada,Vada - கலவை காய்கறி வடை
Vada - Periya Vada,Vada - பெரிய வடை
Vada - Rasa Vadai,Vada - ரசம் வடை
Vada - Sabudana Vada,Vada - ஜவ்வரிசி வடை
Vada - Sago,Vada - ஜவ்வரிசி
Vada - Seriya Vadai,Vada - சரியாக வடை
Vada - Seriya Vadai (No Onion),Vada - சரியாக வடை (வெங்காயம் இல்லாத வெங்காயம்)
Vada - Snake Gourd Vadai,Vada - புடலங்காய் சுரைக்காய் வடை
Vada - Thavala Vadi,Vada - தவளை வடி
Vada - Thayir Vadai,Vada - தயிர் வடை
Vada - Uddina Vada,Vada - உளுந்து வடை
Vada - Vazhaipoo Vadai,Vada - வாழைப்பூ வடை
Vada - Vellai Karamani Vadai,Vada - வெள்ளை காராமணி வடை
Vada-Rasavadai Rasam,Vada - ரசவடை ரசம்
Vathal - Appala Poo,Vathal - அப்பள பூ
Vathal - Bat Vathal,Vathal - பாத் வற்றல்
Vathal - Corn Flakes,Vathal - கார்ன் அவல்
Vathal - Garlic Vathal,Vathal - பூண்டு வற்றல்
Vathal - Heart Vathal,Vathal - ஹார்ட் வற்றல்
Vathal - Milagai Vathal,Vathal - மிளகாய் வற்றல்
Vathal - Mor Milagaai,Vathal - மோர் மிளகாய்
Vathal - Mothira Vathal,Vathal - மோதிர வற்றல்
Vathal - Triangle vathal,Vathal - முக்கோண வற்றல்
Vathal -Urad Vathal,Vathal - உளுந்து வற்றல்
Vathal Fry,வற்றல் வறுவல்
Vathal-Vengaya Vathal,Vathal - வெங்காய வற்றல்
Veg Stew,காய்கறி ஸ்டூ
Ven Pongal (WS),வெண் பொங்கல் ()
Vendaikaai Fry,வெண்டைக்காய் வறுவல்
Viral Meen,விரால் மீன்
Viral Mein Only,விரால் மீன் மட்டும்
Vr-Lemon Rice,Vr - எலுமிச்சை சாதம்
WATER BOTTLE,தண்ணீர் பாட்டில்
WATER CAN,தண்ணீர் கேன்
Water Case,தண்ணீர் கேஸ்
Water Cup,தண்ணீர் கப்
Watermelon Juice,தர்பூசணி ஜூஸ்
Wheat Rava Payasam (Rich),கோதுமை ரவா பாயாசம் (ரிச்)
White Ellu Urundai,வெள்ளை எள்ளு உருண்டை
Whole Garam Masala to be discarded,முழு கரம் மசாலா நீக்கப்பட வேண்டியது
pickle pocket,ஊறுகாய் பாக்கெட்
soup cup & spoon,சூப் கப் & ஸ்பூன்
thonnai & spoon,தொன்னை & ஸ்பூன்
